name,website,country,maturity,score,tier,matched_rules
Earthian AI,https://earthianai.com/,NL,startup,86,Tier 1: Must Meet,Rule 1: Platform Enablers; Rule 3: Insurance Solutions
anyconcept,https://ghosts.anyconcept.ai/,AT,startup,80,Tier 1: Must Meet,Rule 2: Service Providers; Rule 5: Dev & Legacy
Salute360,https://salute360business.eu/en/,IT,startup,76,Tier 2: High Priority,Rule 1: Platform Enablers; Rule 4: Health Innovations
Possibia AS,https://possibia.com,NO,startup,75,Tier 2: High Priority,Rule 1: Platform Enablers; Rule 4: Health Innovations
Aadrila Technologies Private Limited,https://www.aadrila.com/,IN,scaleup,75,Tier 2: High Priority,Rule 1: Platform Enablers; Rule 3: Insurance Solutions
Datawhisper LTD,https://www.datawhisper.co.uk,GB,startup,75,Tier 2: High Priority,Rule 1: Platform Enablers; Rule 2: Service Providers
Root Signals,www.rootsignals.ai,Finland,Undisclosed,74,Tier 2: High Priority,Rule 1: Platform Enablers
RAE.,https://www.wearerae.com/,GB,startup,74,Tier 2: High Priority,Rule 1: Platform Enablers; Rule 3: Insurance Solutions
Obriy AI,https://about.obriy.ai/en/,UA,1 - Emerging,72,Tier 2: High Priority,Rule 1: Platform Enablers; Rule 2: Service Providers
Avora,,SE,startup,72,Tier 2: High Priority,Rule 1: Platform Enablers
Chapter.works,https://www.chapter.works,NL,startup,71,Tier 2: High Priority,Rule 1: Platform Enablers; Rule 2: Service Providers
arterioscope FlexCo,https://arterioscope.com/,AT,startup,71,Tier 2: High Priority,Rule 1: Platform Enablers; Rule 4: Health Innovations
HealthSageAI,https://healthsage.ai/,NL,startup,71,Tier 2: High Priority,Rule 1: Platform Enablers; Rule 4: Health Innovations
Radarme Sp. z o.o.,https://wemates.ai/,PL,startup,69,Tier 2: High Priority,Rule 1: Platform Enablers; Rule 3: Insurance Solutions
Mindflow,https://mindflow.io/,FR,startup,69,Tier 2: High Priority,Rule 1: Platform Enablers; Rule 2: Service Providers
Lintu.ai,https://lintu.ai/,FI,Undisclosed,68,Tier 2: High Priority,Rule 1: Platform Enablers; Rule 2: Service Providers
Mee Solution Consulting,https://meesolution.com/,TH,startup,68,Tier 2: High Priority,Rule 1: Platform Enablers; Rule 5: Dev & Legacy
PhotonSense Tech,https://www.photonsensetech.de,DE,Undisclosed,67,Tier 2: High Priority,Rule 1: Platform Enablers
ONESOFTDIGM,https://www.onesoftdigm.com,KR,scaleup,67,Tier 2: High Priority,Rule 1: Platform Enablers; Rule 4: Health Innovations
Simplifai,www.simplifai.ai,Norway,Undisclosed,66,Tier 2: High Priority,Rule 1: Platform Enablers; Rule 3: Insurance Solutions
Nolana AI,www.nolana.com,United Kingdom,Undisclosed,66,Tier 2: High Priority,Rule 1: Platform Enablers; Rule 3: Insurance Solutions
Cardiolyse Heart Health AI,https://www.cardiolyse.com,FI,startup,66,Tier 2: High Priority,Rule 1: Platform Enablers; Rule 4: Health Innovations
distil labs,https://distillabs.ai/,DE,startup,65,Tier 2: High Priority,Rule 1: Platform Enablers
Merge.dev,https://www.merge.dev,US,startup,65,Tier 2: High Priority,Rule 1: Platform Enablers
Synthflow AI,https://synthflow.ai/,DE,startup,65,Tier 2: High Priority,Rule 1: Platform Enablers; Rule 2: Service Providers
Nordics,https://www.nordics.io/,SK,startup,64,Tier 2: High Priority,Rule 1: Platform Enablers; Rule 2: Service Providers
Detectivio AB,https://www.detectivio.com/,SE,startup,63,Tier 2: High Priority,Rule 1: Platform Enablers; Rule 4: Health Innovations
easybits GmbH,https://easybits.tech/,DE,startup,63,Tier 2: High Priority,Rule 1: Platform Enablers; Rule 4: Health Innovations
Albimarketing Oy,https://albimarketing.com/,FI,Undisclosed,62,Tier 2: High Priority,Rule 1: Platform Enablers
Flexora,https://www.flexora.com,DE,Undisclosed,62,Tier 2: High Priority,Rule 1: Platform Enablers
Danvantar Biophotonics,https://www.danvantar.com,FI,Undisclosed,62,Tier 2: High Priority,Rule 1: Platform Enablers; Rule 4: Health Innovations
Hyphorest,https://hyphorest.com,DE,Undisclosed,62,Tier 2: High Priority,Rule 1: Platform Enablers
Elixion Medical,www.elixionmedical.com,Germany,Undisclosed,62,Tier 2: High Priority,Rule 1: Platform Enablers; Rule 4: Health Innovations
ConfidentialMind,www.confidentialmind.com,Finland,Undisclosed,62,Tier 2: High Priority,Rule 1: Platform Enablers; Rule 5: Dev & Legacy
Bravin AI,https://www.bravin.io/en,MD,startup,62,Tier 2: High Priority,Rule 1: Platform Enablers; Rule 2: Service Providers
Tiplo,https://tiplo.ai/,GB,startup,62,Tier 2: High Priority,Rule 1: Platform Enablers; Rule 4: Health Innovations
CyberSmart,www.cybersmart.co.uk,United Kingdom,Undisclosed,61,Tier 2: High Priority,Rule 1: Platform Enablers; Rule 3: Insurance Solutions
Compliance Consulting Operations GmbH,https://compliance-co.com,,Undisclosed,61,Tier 2: High Priority,Rule 1: Platform Enablers; Rule 3: Insurance Solutions
AureliaX,https://www.gomia.ai,NL,startup,61,Tier 2: High Priority,Rule 1: Platform Enablers
"Surg storage Co., Ltd.",https://www.surgstorage.com/,JP,startup,61,Tier 2: High Priority,Rule 1: Platform Enablers; Rule 4: Health Innovations
AISTUDIO,https://aistudio.com.tr/,TR,startup,61,Tier 2: High Priority,Rule 1: Platform Enablers; Rule 2: Service Providers; Rule 4: Health Innovations
Vindi Biosystems,https://www.vindibiosystems.com/,NL,startup,61,Tier 2: High Priority,Rule 1: Platform Enablers; Rule 4: Health Innovations
Icarus,https://icarustechnology.it,IT,Undisclosed,60,Tier 2: High Priority,Rule 1: Platform Enablers; Rule 4: Health Innovations
Cognovo Oy,https://www.cognovo.io,FI,Undisclosed,60,Tier 2: High Priority,Rule 1: Platform Enablers; Rule 2: Service Providers
AIHI (AI for Humanitarian Impact),https://aiforhumanitarianimpact.org/,GB,Undisclosed,60,Tier 2: High Priority,Rule 1: Platform Enablers; Rule 3: Insurance Solutions
MicroAGI,www.microagi.ai,Germany,Undisclosed,60,Tier 2: High Priority,Rule 1: Platform Enablers
Flow Technologies,https://flowzone.eu,NO,startup,60,Tier 2: High Priority,Rule 1: Platform Enablers; Rule 4: Health Innovations
eSine,https://esine.ai/,FI,Undisclosed,59,Tier 3: Medium Priority,Rule 1: Platform Enablers; Rule 4: Health Innovations
Anansi,www.withanansi.com,United Kingdom,Undisclosed,59,Tier 3: Medium Priority,Rule 1: Platform Enablers; Rule 3: Insurance Solutions
OnCall,https://www.oncall.africa,NA,Undisclosed,59,Tier 3: Medium Priority,Rule 1: Platform Enablers; Rule 4: Health Innovations
CollectiveCrunch,www.collectivecrunch.com,Finland,Undisclosed,59,Tier 3: Medium Priority,Rule 1: Platform Enablers
CyVi,www.cyvi.io,Sweden,Undisclosed,59,Tier 3: Medium Priority,Rule 1: Platform Enablers; Rule 3: Insurance Solutions
Binare Oy,https://binare.io,FI,startup,59,Tier 3: Medium Priority,Rule 1: Platform Enablers
Mindler,https://mindlercare.com,SE,startup,59,Tier 3: Medium Priority,Rule 3: Insurance Solutions; Rule 4: Health Innovations
SA-FLaaS,https://youtu.be/oMTvNZ0nwC0,FI,startup,59,Tier 3: Medium Priority,Rule 1: Platform Enablers; Rule 4: Health Innovations
Vespa.ai,https://vespa.ai/,NO,startup,59,Tier 3: Medium Priority,Rule 1: Platform Enablers
Tilect,https://tilect.ai/,PT,startup,59,Tier 3: Medium Priority,Rule 1: Platform Enablers
Latitudo 40 ,https://www.latitudo40.com,IT,startup,59,Tier 3: Medium Priority,Rule 1: Platform Enablers; Rule 3: Insurance Solutions
Leida,https://www.leida.ai,FI,Undisclosed,58,Tier 3: Medium Priority,Rule 1: Platform Enablers
Wealthreader,https://www.wealthreader.com/,ES,startup,58,Tier 3: Medium Priority,Rule 1: Platform Enablers; Rule 3: Insurance Solutions
Shen.AI,https://www.shen.ai,EE,startup,58,Tier 3: Medium Priority,Rule 1: Platform Enablers; Rule 4: Health Innovations
Riduck Inc.,https://riduck.com,KR,startup,58,Tier 3: Medium Priority,Rule 1: Platform Enablers
Neuro Event Labs,https://neuroeventlabs.com,FI,scaleup,58,Tier 3: Medium Priority,Rule 4: Health Innovations
voltiumAi,https://www.voltium.ai,US,startup,58,Tier 3: Medium Priority,Rule 1: Platform Enablers; Rule 2: Service Providers
Gukko,https://www.gukko.fi/,FI,Undisclosed,57,Tier 3: Medium Priority,Rule 1: Platform Enablers; Rule 3: Insurance Solutions
Shook Digital,https://shook.digital,FI,startup,57,Tier 3: Medium Priority,Rule 1: Platform Enablers; Rule 2: Service Providers
spogen.ai,https://spogen.ai/,FI,startup,57,Tier 3: Medium Priority,Rule 1: Platform Enablers
Deepmedi Inc.,https://deep-medi.com,KR,scaleup,57,Tier 3: Medium Priority,Rule 1: Platform Enablers; Rule 4: Health Innovations
Alpha Base,https://www.thealphabase.com/platform,GB,startup,57,Tier 3: Medium Priority,Rule 1: Platform Enablers
DTS Plant Oy,https://dtsplant.com/,FI,Undisclosed,56,Tier 3: Medium Priority,Rule 1: Platform Enablers
EpiHeart,www.epiheart.com,Finland,Undisclosed,56,Tier 3: Medium Priority,Rule 4: Health Innovations; Rule 5: Dev & Legacy
Tonada.ai,https://tonada.ai,SE,Undisclosed,56,Tier 3: Medium Priority,Rule 1: Platform Enablers
Valkiv,www.valkiv.com,Sweden,Undisclosed,56,Tier 3: Medium Priority,Rule 3: Insurance Solutions
Lakeview Oy,https://www.lakeview.fi/,FI,Undisclosed,56,Tier 3: Medium Priority,Rule 1: Platform Enablers
PXL Vision,www.pxl-vision.com,Switzerland,Undisclosed,56,Tier 3: Medium Priority,Rule 3: Insurance Solutions; Rule 4: Health Innovations
Gopf,www.gopf.com,Switzerland,Undisclosed,56,Tier 3: Medium Priority,Rule 1: Platform Enablers
FlyNex,https://flynex.io,DE,scaleup,56,Tier 3: Medium Priority,Rule 1: Platform Enablers; Rule 2: Service Providers
Monidor Oy,https://monidor.com/,FI,scaleup,56,Tier 3: Medium Priority,Rule 1: Platform Enablers; Rule 4: Health Innovations
Farang AB,https://farang.com/,SE,startup,56,Tier 3: Medium Priority,Rule 1: Platform Enablers
ALDORIA,https://www.aldoria.com/,FR,scaleup,56,Tier 3: Medium Priority,Rule 1: Platform Enablers
Emendu,https://emendu.com/,ES,startup,56,Tier 3: Medium Priority,Rule 1: Platform Enablers
Unfrauded,https://www.unfrauded.com/,TN,startup,56,Tier 3: Medium Priority,Rule 3: Insurance Solutions
RiskVantage AI,https://riskvantage.ai/,US,Undisclosed,55,Tier 3: Medium Priority,Rule 1: Platform Enablers; Rule 4: Health Innovations
Artio,www.artiocarbon.com,United Kingdom,Undisclosed,55,Tier 3: Medium Priority,Rule 1: Platform Enablers; Rule 3: Insurance Solutions
Codes Devs,codesdevs.io,Estonia,Undisclosed,55,Tier 3: Medium Priority,Rule 1: Platform Enablers; Rule 2: Service Providers; Rule 4: Health Innovations
Zencoder,www.zencoder.ai,United States,Undisclosed,55,Tier 3: Medium Priority,Rule 1: Platform Enablers
Food Pilot,https://www.foodpilot.fr/en/,FR,startup,55,Tier 3: Medium Priority,Rule 1: Platform Enablers; Rule 3: Insurance Solutions
Otos Health,https://www.otos.health/,FI,startup,55,Tier 3: Medium Priority,Rule 1: Platform Enablers; Rule 4: Health Innovations
Rolog Solutions,https://rolog.no/,NO,startup,55,Tier 3: Medium Priority,Rule 1: Platform Enablers
Ogma,https://meetogma.com/,SE,1 - Emerging,54,Tier 3: Medium Priority,Rule 1: Platform Enablers
Gampr.ai,https://gampr.ai,GB,Undisclosed,54,Tier 3: Medium Priority,Rule 1: Platform Enablers; Rule 2: Service Providers
Solintel,https://solintel.com/,EE,startup,54,Tier 3: Medium Priority,Rule 1: Platform Enablers; Rule 4: Health Innovations
TimeTeller GmbH,https://www.timeteller-health.com/en/,DE,startup,54,Tier 3: Medium Priority,Rule 1: Platform Enablers; Rule 4: Health Innovations
Cover Genius,https://covergenius.com/,US,startup,54,Tier 3: Medium Priority,Rule 3: Insurance Solutions
Altum Sequencing SL.,https://www.altumsequencing.com/,ES,startup,54,Tier 3: Medium Priority,Rule 1: Platform Enablers; Rule 4: Health Innovations
3AGE Health Technologies,https://3age.co,FI,startup,54,Tier 3: Medium Priority,Rule 1: Platform Enablers; Rule 4: Health Innovations
Earthian ,https://earthianai.com/,Netherlands,1 - Emerging,53,Tier 3: Medium Priority,Rule 3: Insurance Solutions
Spheer,spheer.ai,Netherlands,Undisclosed,53,Tier 3: Medium Priority,Rule 1: Platform Enablers
varmo,https://www.varmo-sensors.de,DE,Undisclosed,53,Tier 3: Medium Priority,Rule 1: Platform Enablers; Rule 4: Health Innovations
Teamcare Oy,https://teamcare.fi/,FI,Undisclosed,53,Tier 3: Medium Priority,Rule 1: Platform Enablers; Rule 4: Health Innovations
Enlapser,www.enlapser.com,Finland,Undisclosed,53,Tier 3: Medium Priority,Rule 1: Platform Enablers; Rule 4: Health Innovations
LeyrAI,https://leyr.ai/,BG,startup,53,Tier 3: Medium Priority,Rule 1: Platform Enablers; Rule 4: Health Innovations
Foxtery,https://www.foxtery.com/,ES,startup,53,Tier 3: Medium Priority,Rule 1: Platform Enablers
AsedaSciences,https://www.asedasciences.com/,CH,scaleup,53,Tier 3: Medium Priority,Rule 1: Platform Enablers; Rule 4: Health Innovations
Ai2Ai Oy,https://www.ai2ai.fi,FI,startup,53,Tier 3: Medium Priority,Rule 4: Health Innovations
SimplyPill,https://www.simplypill.org,NL,startup,53,Tier 3: Medium Priority,Rule 4: Health Innovations
Minimal App,www.minimalapp.co,Sweden,1 - Emerging,52,Tier 3: Medium Priority,Rule 1: Platform Enablers; Rule 4: Health Innovations
New Dawn Bio,www.newdawnbio.com,Netherlands,2 - Validating,52,Tier 3: Medium Priority,Rule 3: Insurance Solutions; Rule 4: Health Innovations
Raport,https://www.raport.health,US,1 - Emerging,52,Tier 3: Medium Priority,Rule 1: Platform Enablers; Rule 4: Health Innovations
Rollyy,https://rollyy.com/,FI,Undisclosed,52,Tier 3: Medium Priority,Rule 1: Platform Enablers
QUIPU,https://thequipu.com/,,Undisclosed,52,Tier 3: Medium Priority,Rule 1: Platform Enablers; Rule 2: Service Providers
Nomain,www.nomain.com,Finland,Undisclosed,52,Tier 3: Medium Priority,Rule 1: Platform Enablers; Rule 5: Dev & Legacy
rightflow,rightflow.de,Germany,Undisclosed,52,Tier 3: Medium Priority,Rule 3: Insurance Solutions
Voicari,https://www.voicari.com,DE,Undisclosed,52,Tier 3: Medium Priority,Rule 1: Platform Enablers
Fleetiz,https://fleetiz.com/,FR,Undisclosed,52,Tier 3: Medium Priority,Rule 1: Platform Enablers
Strise,strise.ai,Norway,Undisclosed,52,Tier 3: Medium Priority,Rule 1: Platform Enablers
Medoma AB,https://www.medoma.com,SE,startup,52,Tier 3: Medium Priority,Rule 1: Platform Enablers; Rule 4: Health Innovations
Reactions,https://usereactions.com/,GB,startup,52,Tier 3: Medium Priority,Rule 1: Platform Enablers; Rule 4: Health Innovations
MYOact GmbH,https://www.myoact.de,DE,startup,52,Tier 3: Medium Priority,Rule 1: Platform Enablers; Rule 4: Health Innovations
Novocam Medical Innovations Oy,https://futudent.com,FI,startup,52,Tier 3: Medium Priority,Rule 1: Platform Enablers; Rule 4: Health Innovations
Sync Motion GmbH,https://sync-motion.com,AT,startup,52,Tier 3: Medium Priority,Rule 1: Platform Enablers; Rule 4: Health Innovations; Rule 5: Dev & Legacy
Apollo Research,https://www.apolloresearch.ai/,GB,startup,52,Tier 3: Medium Priority,Rule 1: Platform Enablers; Rule 5: Dev & Legacy
Leg&airy Inc.,https://legandairy.com,CH,startup,52,Tier 3: Medium Priority,Rule 1: Platform Enablers; Rule 3: Insurance Solutions; Rule 4: Health Innovations
Health Data Avatar,https://healthdataavatar.com,GB,startup,52,Tier 3: Medium Priority,Rule 1: Platform Enablers; Rule 4: Health Innovations
Tunnelworks Inc.,https://tunnelworks.com,FI,startup,52,Tier 3: Medium Priority,Rule 1: Platform Enablers
Convier,https://convier.com,NO,startup,52,Tier 3: Medium Priority,Rule 1: Platform Enablers
Untap Health,https://www.untaphealth.com,GB,startup,52,Tier 3: Medium Priority,Rule 1: Platform Enablers; Rule 4: Health Innovations
Dust,https://dust.tt,FR,startup,52,Tier 3: Medium Priority,Rule 1: Platform Enablers
MedApp,https://medapp.space/,AL,startup,52,Tier 3: Medium Priority,Rule 1: Platform Enablers; Rule 4: Health Innovations
TRIPSO.AI,https://www.tripso.ai/en,US,startup,52,Tier 3: Medium Priority,Rule 1: Platform Enablers; Rule 2: Service Providers
GLBNXT,www.glbnxt.com,Netherlands,Undisclosed,51,Tier 3: Medium Priority,Rule 1: Platform Enablers
Inicio AI,https://m.inicio.ai/,GB,Undisclosed,51,Tier 3: Medium Priority,Rule 1: Platform Enablers; Rule 2: Service Providers
GitHits,https://githits.com/,FI,Undisclosed,51,Tier 3: Medium Priority,Rule 1: Platform Enablers; Rule 5: Dev & Legacy
MediGPT,https://medigpt.co/,US,Undisclosed,51,Tier 3: Medium Priority,Rule 1: Platform Enablers; Rule 4: Health Innovations
Wemates,www.wemates.ai,Poland,Undisclosed,51,Tier 3: Medium Priority,Rule 3: Insurance Solutions
AppFollow,www.appfollow.io,Finland,Undisclosed,51,Tier 3: Medium Priority,Rule 1: Platform Enablers; Rule 5: Dev & Legacy
adric GmbH,https://adric.gmbh/,DE,startup,51,Tier 3: Medium Priority,Rule 1: Platform Enablers
ArcanaBio,https://www.arcanabio.com,DK,startup,51,Tier 3: Medium Priority,Rule 1: Platform Enablers; Rule 4: Health Innovations
Lumino,https://www.hellolumino.com,GB,startup,51,Tier 3: Medium Priority,Rule 4: Health Innovations
PH2 Group,https://www.linkedin.com/company/105399438/,FI,startup,51,Tier 3: Medium Priority,Rule 1: Platform Enablers; Rule 4: Health Innovations
Lendorse,https://lendorse.com,DE,startup,51,Tier 3: Medium Priority,Rule 1: Platform Enablers; Rule 3: Insurance Solutions
Cheqd,https://cheqd.io/,GB,startup,51,Tier 3: Medium Priority,Rule 1: Platform Enablers; Rule 2: Service Providers
Dysplasia Diagnostics Limited,https://www.dysplasiadx.com,GB,startup,51,Tier 3: Medium Priority,Rule 1: Platform Enablers; Rule 4: Health Innovations
Rocsys,https://www.rocsys.com/,NL,startup,51,Tier 3: Medium Priority,Rule 1: Platform Enablers
ClickHouse,https://clickhouse.com/,NL,scaleup,51,Tier 3: Medium Priority,Rule 1: Platform Enablers
arterioscope,https://arterioscope.com/,AT,Undisclosed,50,Tier 3: Medium Priority,Rule 1: Platform Enablers; Rule 4: Health Innovations
Chapter,www.chapter.works,Netherlands,Undisclosed,50,Tier 3: Medium Priority,Rule 1: Platform Enablers; Rule 2: Service Providers
CheckIA,https://checkia.ai,ES,Undisclosed,50,Tier 3: Medium Priority,Rule 1: Platform Enablers; Rule 4: Health Innovations
Garba,https://garba.ai/,SE,Undisclosed,50,Tier 3: Medium Priority,Rule 1: Platform Enablers; Rule 2: Service Providers
Foundation Clinic,https://foundation.clinic,FI,Undisclosed,50,Tier 3: Medium Priority,Rule 1: Platform Enablers; Rule 4: Health Innovations
ICDx R2B,https://icdx.utu.fi/,FI,Undisclosed,50,Tier 3: Medium Priority,Rule 1: Platform Enablers; Rule 4: Health Innovations
Telosa,https://jointelosa.com,NL,Undisclosed,50,Tier 3: Medium Priority,Rule 1: Platform Enablers; Rule 2: Service Providers; Rule 3: Insurance Solutions
Blitzhype,https://blitzhype.com,DE,Undisclosed,50,Tier 3: Medium Priority,Rule 1: Platform Enablers
easybook,https://easybook.fi,FI,Undisclosed,50,Tier 3: Medium Priority,Rule 1: Platform Enablers; Rule 4: Health Innovations
Onky.AI LTD,https://onky.ai,,Undisclosed,50,Tier 3: Medium Priority,Rule 1: Platform Enablers; Rule 2: Service Providers
Ottia,www.ottia.com,Finland,Undisclosed,50,Tier 3: Medium Priority,Rule 1: Platform Enablers; Rule 5: Dev & Legacy
Metroc,www.metroc.ai,Finland,Undisclosed,50,Tier 3: Medium Priority,Rule 1: Platform Enablers; Rule 2: Service Providers
ADVOLVE AI ,https://advolve.ai/,BR,startup,50,Tier 3: Medium Priority,Rule 1: Platform Enablers
Thoughtful-Oasis,https://thoughtful-oasis.com/,NL,startup,50,Tier 3: Medium Priority,Rule 1: Platform Enablers
Clock&Cloud,https://www.clockcloud.ai/,FI,startup,50,Tier 3: Medium Priority,Rule 1: Platform Enablers
SalesCore Global Solutions Pte Ltd,https://www.salescoreglobal.com,SG,startup,50,Tier 3: Medium Priority,Rule 1: Platform Enablers
Polytope,https://polytope.com,SE,startup,50,Tier 3: Medium Priority,Rule 1: Platform Enablers
Novem,https://www.novem.io,NO,startup,50,Tier 3: Medium Priority,Rule 1: Platform Enablers
Fanavar Behineh Niroye Caspian company (FBNC),https://fbnc.co.ir,IR,Undisclosed,49,Tier 3: Medium Priority,Rule 1: Platform Enablers
AIMSES AS,https://aimses.com/,NO,Undisclosed,49,Tier 3: Medium Priority,Rule 1: Platform Enablers
Datavtar AI,https://buildit.datavtar.com,IN,Undisclosed,49,Tier 3: Medium Priority,Rule 1: Platform Enablers
Epiminds,www.epiminds.com,Sweden,Undisclosed,49,Tier 3: Medium Priority,Rule 1: Platform Enablers; Rule 2: Service Providers
Abtrace,www.abtrace.com,United Kingdom,Undisclosed,49,Tier 3: Medium Priority,Rule 1: Platform Enablers; Rule 4: Health Innovations
HealthSage AI,www.healthsage.ai,Netherlands,Undisclosed,49,Tier 3: Medium Priority,Rule 1: Platform Enablers; Rule 4: Health Innovations
Futuuri,https://futuuri.co/,FI,Undisclosed,49,Tier 3: Medium Priority,Rule 4: Health Innovations
Seerlinq,www.seerlinq.com,Slovakia,Undisclosed,49,Tier 3: Medium Priority,Rule 1: Platform Enablers; Rule 4: Health Innovations
Together,together.ai,United States,Undisclosed,49,Tier 3: Medium Priority,Rule 1: Platform Enablers
Remedi Finance,https://www.remedifinance.com,GB,startup,49,Tier 3: Medium Priority,Rule 1: Platform Enablers
Lyfegen,https://www.lyfegen.com,CH,startup,49,Tier 3: Medium Priority,Rule 3: Insurance Solutions; Rule 4: Health Innovations
UniteLabs,https://unitelabs.io/,DE,startup,49,Tier 3: Medium Priority,Rule 1: Platform Enablers; Rule 5: Dev & Legacy
Dymension,https://dymension.systems/,IT,startup,49,Tier 3: Medium Priority,Rule 1: Platform Enablers
Minimal App AB,https://minimalapp.co/,SE,startup,49,Tier 3: Medium Priority,Rule 1: Platform Enablers
NanoChronia,https://www.nanochronia.com,ES,startup,49,Tier 3: Medium Priority,Rule 1: Platform Enablers
Renessai,https://www.renessai.com/,FI,startup,49,Tier 3: Medium Priority,Rule 1: Platform Enablers
DefendSphere,https://www.defendsphere.io/,ES,startup,49,Tier 3: Medium Priority,Rule 1: Platform Enablers
Tezbor,https://www.tezbor.com,US,Undisclosed,48,Tier 3: Medium Priority,Rule 1: Platform Enablers
MARLVEL.AI,https://www.vibe-experimentation.ai,FR,Undisclosed,48,Tier 3: Medium Priority,Rule 1: Platform Enablers
Trust in isotopes,https://www.trust-i2.com,FR,Undisclosed,48,Tier 3: Medium Priority,Rule 1: Platform Enablers
Clay,https://www.clay.so/,GB,startup,48,Tier 3: Medium Priority,Rule 1: Platform Enablers; Rule 3: Insurance Solutions
EyeVis GmbH,https://eyevis-med.com,DE,startup,48,Tier 3: Medium Priority,Rule 1: Platform Enablers; Rule 4: Health Innovations
Memgraph,https://www.memgraph.com,GB,startup,48,Tier 3: Medium Priority,Rule 1: Platform Enablers
Taivala,https://www.taivala.com,FI,startup,48,Tier 3: Medium Priority,Rule 3: Insurance Solutions
Cyber Insight,https://www.cyber-insight.de,DE,startup,48,Tier 3: Medium Priority,Rule 1: Platform Enablers; Rule 3: Insurance Solutions
Prognosis Sp. z o.o.,https://prognosis.pl,PL,scaleup,48,Tier 3: Medium Priority,Rule 1: Platform Enablers
Studiesin Technologies,https://www.studiesin.com,ES,startup,48,Tier 3: Medium Priority,Rule 1: Platform Enablers; Rule 3: Insurance Solutions
JST Healthcare Solutions Oy,https://smartsymptomcheck.com,FI,startup,48,Tier 3: Medium Priority,Rule 4: Health Innovations
Pish Fannavaran Nourpazhouh Arta,https://www.nurarta.com,IR,startup,48,Tier 3: Medium Priority,Rule 1: Platform Enablers
AlbiCoins,https://albimarketing.com/employee-tech/,FI,startup,48,Tier 3: Medium Priority,Rule 1: Platform Enablers
AI Star,https://www.aistar.it,KR,startup,48,Tier 3: Medium Priority,Rule 1: Platform Enablers
Quvy,https://www.quvy.com/,US,scaleup,48,Tier 3: Medium Priority,Rule 1: Platform Enablers
Fides Innova Labs,https://www.fidesinnova.io,CA,startup,48,Tier 3: Medium Priority,Rule 1: Platform Enablers
FBNC (Soz Part),https://fbnc.co.ir/,IR,startup,48,Tier 3: Medium Priority,Rule 1: Platform Enablers
CCRAFT,www.ccraft.com,Switzerland,3 - Deploying,47,Tier 3: Medium Priority,Rule 1: Platform Enablers
Wormsensing,wormsensing.com,France,Undisclosed,47,Tier 3: Medium Priority,Rule 1: Platform Enablers; Rule 4: Health Innovations
IMENSUS,https://www.imensusresources.com/,DE,Undisclosed,47,Tier 3: Medium Priority,Rule 1: Platform Enablers
Atalante,https://www.atalantetechnologies.com,GB,Undisclosed,47,Tier 3: Medium Priority,Rule 1: Platform Enablers
Hypt,www.hypt.io,Switzerland,Undisclosed,47,Tier 3: Medium Priority,Rule 1: Platform Enablers; Rule 3: Insurance Solutions
Marble Imaging,marble-imaging.de,Germany,Undisclosed,47,Tier 3: Medium Priority,Rule 1: Platform Enablers
CyberWhiz IoT Cyber Security,cyberwhiz.co.uk,United Kingdom,Undisclosed,47,Tier 3: Medium Priority,Rule 1: Platform Enablers; Rule 4: Health Innovations
Deepentix,deepentix.com,Austria,Undisclosed,47,Tier 3: Medium Priority,Rule 3: Insurance Solutions
PeriVision,www.perivision.com,Switzerland,Undisclosed,47,Tier 3: Medium Priority,Rule 1: Platform Enablers; Rule 4: Health Innovations
Vespa,www.vespa.ai,Norway,Undisclosed,47,Tier 3: Medium Priority,Rule 1: Platform Enablers
Tot.,www.tot.money,Italy,Undisclosed,47,Tier 3: Medium Priority,Rule 1: Platform Enablers
Maira Labs,https://maira.one,DK,Undisclosed,47,Tier 3: Medium Priority,Rule 1: Platform Enablers; Rule 3: Insurance Solutions
Zenn Agents (Antler F25),https://zennagents.com,GB,Undisclosed,47,Tier 3: Medium Priority,Rule 1: Platform Enablers; Rule 3: Insurance Solutions
WorkyBe,www.workybe.com,Turkey,Undisclosed,47,Tier 3: Medium Priority,Rule 1: Platform Enablers
FeHa International Consulting,feha.io,Netherlands,Undisclosed,47,Tier 3: Medium Priority,Rule 1: Platform Enablers; Rule 3: Insurance Solutions
Aisel Health,aisel.co,Denmark,Undisclosed,47,Tier 3: Medium Priority,Rule 1: Platform Enablers; Rule 4: Health Innovations
Compose Software,https://usecompose.com/,NO,Undisclosed,47,Tier 3: Medium Priority,Rule 1: Platform Enablers; Rule 2: Service Providers; Rule 5: Dev & Legacy
Superscript,gosuperscript.com,United Kingdom,Undisclosed,47,Tier 3: Medium Priority,Rule 1: Platform Enablers; Rule 3: Insurance Solutions; Rule 4: Health Innovations
PLAIO,https://plaio.com,IS,startup,47,Tier 3: Medium Priority,Rule 1: Platform Enablers; Rule 2: Service Providers
Fimo Health ,https://www.fimohealth.com,DE,startup,47,Tier 3: Medium Priority,Rule 4: Health Innovations
SmartDealer Technologies ,https://smartdealer.pk/,PK,startup,47,Tier 3: Medium Priority,Rule 1: Platform Enablers; Rule 3: Insurance Solutions
AI Soft Teknoloji,https://text2test.ai,TR,startup,47,Tier 3: Medium Priority,Rule 1: Platform Enablers
Timegate Instruments Oy,https://www.timegate.com,FI,scaleup,47,Tier 3: Medium Priority,Rule 1: Platform Enablers
DataGreen,https://datagreen.cloud/,FR,startup,47,Tier 3: Medium Priority,Rule 1: Platform Enablers
Tranquility IoT & Big Data Solutions,https://www.tibsglobal.com,GB,scaleup,47,Tier 3: Medium Priority,Rule 1: Platform Enablers
Normain,www.normain.com,Sweden,2 - Validating,46,Tier 3: Medium Priority,Rule 1: Platform Enablers
Evly,https://www.evly.ai/,GI,Undisclosed,46,Tier 3: Medium Priority,Rule 2: Service Providers; Rule 4: Health Innovations; Rule 5: Dev & Legacy
Aveksana,https://aveksana.com/home,FI,Undisclosed,46,Tier 3: Medium Priority,Rule 1: Platform Enablers; Rule 3: Insurance Solutions
Cadabit Technologies S.L.,https://www.cadabit.com/,ES,Undisclosed,46,Tier 3: Medium Priority,Rule 1: Platform Enablers; Rule 2: Service Providers
Arcana,www.arcanabio.com,Iceland,Undisclosed,46,Tier 3: Medium Priority,Rule 1: Platform Enablers; Rule 4: Health Innovations
Brighthive ,https://www.brighthive.ai,US,Undisclosed,46,Tier 3: Medium Priority,Rule 1: Platform Enablers; Rule 2: Service Providers
Dendron Neurotechnologies,www.dendronneuro.com,Spain,Undisclosed,46,Tier 3: Medium Priority,Rule 1: Platform Enablers; Rule 4: Health Innovations
Aspect (Clinics/Outpatient Services),www.aspect-health.com,United States,Undisclosed,46,Tier 3: Medium Priority,Rule 1: Platform Enablers; Rule 4: Health Innovations
Uptime Industries,www.uptime.industries,United States,Undisclosed,46,Tier 3: Medium Priority,Rule 1: Platform Enablers
CoeusAI,https://projectcoeus.com/,NL,startup,46,Tier 3: Medium Priority,Rule 1: Platform Enablers
Oncosyne,https://www.oncosyne.no,NO,startup,46,Tier 3: Medium Priority,Rule 1: Platform Enablers; Rule 4: Health Innovations
constellr,https://www.constellr.com,DE,startup,46,Tier 3: Medium Priority,Rule 1: Platform Enablers
ReplyFabric,https://replyfabric.ai,BE,startup,46,Tier 3: Medium Priority,Rule 1: Platform Enablers
Movesense Ltd,https://www.movesense.com,FI,startup,46,Tier 3: Medium Priority,Rule 1: Platform Enablers; Rule 4: Health Innovations; Rule 5: Dev & Legacy
Lensor Oy,https://lensor.io,FI,startup,46,Tier 3: Medium Priority,Rule 1: Platform Enablers
MeMotion,https://www.linkedin.com/in/ebourdon,FR,startup,46,Tier 3: Medium Priority,Rule 3: Insurance Solutions; Rule 4: Health Innovations
AYE3D Inc.,https://aye3d.com/en/,CA,startup,46,Tier 3: Medium Priority,Rule 4: Health Innovations
LEIA ,https://www.leia.health/en,SE,startup,46,Tier 3: Medium Priority,Rule 1: Platform Enablers
Cacto Health,https://cactohealth.com/,DK,startup,46,Tier 3: Medium Priority,Rule 1: Platform Enablers; Rule 4: Health Innovations
CloudBooster,https://cloudbooster.io,CZ,startup,46,Tier 3: Medium Priority,Rule 1: Platform Enablers
Cyberette,https://cyberette.ai/,NL,startup,46,Tier 3: Medium Priority,Rule 1: Platform Enablers
Diploi,www.diploi.com,Finland,Undisclosed,45,Tier 3: Medium Priority,Rule 1: Platform Enablers; Rule 5: Dev & Legacy
Entwick Inc.,https://www.entwick.com,KR,Undisclosed,45,Tier 3: Medium Priority,Rule 1: Platform Enablers; Rule 4: Health Innovations
UpTrend,https://up-trend.co.uk,GB,Undisclosed,45,Tier 3: Medium Priority,Rule 2: Service Providers
Moom Stu,https://www.moom.studio/,TH,Undisclosed,45,Tier 3: Medium Priority,Rule 1: Platform Enablers; Rule 2: Service Providers
Omply Health Oy,https://omply.health/,FI,Undisclosed,45,Tier 3: Medium Priority,Rule 4: Health Innovations
RoverMitra,https://rovermitra.com/,DE,Undisclosed,45,Tier 3: Medium Priority,Rule 1: Platform Enablers
Flowzone,www.flowzone.eu,Norway,Undisclosed,45,Tier 3: Medium Priority,Rule 1: Platform Enablers; Rule 4: Health Innovations
DXcrete,www.dxcrete.nl,Netherlands,Undisclosed,45,Tier 3: Medium Priority,Rule 1: Platform Enablers; Rule 4: Health Innovations
LionRep Oy,https://www.lionrep.com,FI,Undisclosed,45,Tier 3: Medium Priority,Rule 2: Service Providers
SkoneLabs,www.skonelabs.com,Germany,Undisclosed,45,Tier 3: Medium Priority,Rule 1: Platform Enablers
Brizo,www.brizo.se,Sweden,Undisclosed,45,Tier 3: Medium Priority,Rule 1: Platform Enablers
Dentcense,www.dentcense.com,Finland,Undisclosed,45,Tier 3: Medium Priority,Rule 1: Platform Enablers
Medoma,medoma.com,Sweden,Undisclosed,45,Tier 3: Medium Priority,Rule 1: Platform Enablers; Rule 4: Health Innovations
HarvestAi,https://harvest-ai.com/,DE,startup,45,Tier 3: Medium Priority,Rule 1: Platform Enablers
ZERÃ˜TEC,https://www.zerotec.eco,GB,startup,45,Tier 3: Medium Priority,Rule 1: Platform Enablers
BEYLA,https://www.beyla.ai,GB,startup,45,Tier 3: Medium Priority,Rule 1: Platform Enablers
Equito App,https://www.equito.app/,ES,startup,45,Tier 3: Medium Priority,Rule 1: Platform Enablers
Holy Technologies,https://www.holy-technologies.com,DE,startup,45,Tier 3: Medium Priority,Rule 1: Platform Enablers
Cortisys Ltd,https://startupcenter.aalto.fi/node/1484,FI,startup,45,Tier 3: Medium Priority,Rule 4: Health Innovations
Elevolt,https://elevolt.io/,FI,startup,45,Tier 3: Medium Priority,Rule 1: Platform Enablers
FOR,https://www.for.co,FI,startup,45,Tier 3: Medium Priority,Rule 1: Platform Enablers
MindsDB,https://www.mindsdb.com,US,startup,45,Tier 3: Medium Priority,Rule 1: Platform Enablers
Oriole,https://www.oriolenetworks.com/,GB,startup,45,Tier 3: Medium Priority,Rule 1: Platform Enablers
(Infoldra) Shima Services & Soutions AB,https://infoldra.com/,SE,startup,45,Tier 3: Medium Priority,Rule 1: Platform Enablers
Panakeia Technolgies ,https://www.panakeia.ai/,GB,startup,45,Tier 3: Medium Priority,Rule 1: Platform Enablers
Clinexus,,FI,startup,45,Tier 3: Medium Priority,Rule 1: Platform Enablers; Rule 4: Health Innovations
Zertifier SL,https://zertifier.com/,ES,startup,45,Tier 3: Medium Priority,Rule 1: Platform Enablers
"NROC Security, Inc.",https://nrocsecurity.com/,US,startup,45,Tier 3: Medium Priority,Rule 3: Insurance Solutions
GenoGra,https://www.genogra.com,IT,startup,45,Tier 3: Medium Priority,Rule 1: Platform Enablers
Senvo,https://senvo.de/,DE,startup,45,Tier 3: Medium Priority,Rule 3: Insurance Solutions
Hive Power,https://www.hivepower.tech,CH,startup,45,Tier 3: Medium Priority,Rule 1: Platform Enablers
Soil Scout Ltd,https://soilscout.com,FI,startup,45,Tier 3: Medium Priority,Rule 1: Platform Enablers
ITUS Secure Technologies,https://itusprotect.io/,GB,startup,45,Tier 3: Medium Priority,Rule 3: Insurance Solutions
LiveEO GmbH,https://www.live-eo.com/,DE,startup,45,Tier 3: Medium Priority,Rule 1: Platform Enablers
JustHealth,https://onko-pass.de,DE,startup,45,Tier 3: Medium Priority,Rule 4: Health Innovations
Symptonic R2B Project / Aalto University,,FI,startup,45,Tier 3: Medium Priority,Rule 1: Platform Enablers; Rule 4: Health Innovations
incaseof.law GmbH,https://www.incaseof.law/,AT,startup,45,Tier 3: Medium Priority,Rule 3: Insurance Solutions
Yazen Health AB,https://www.yazen.com/,SE,startup,45,Tier 3: Medium Priority,Rule 4: Health Innovations
p&e power&energy GmbH,https://p-and-e.com,DE,startup,45,Tier 3: Medium Priority,Rule 1: Platform Enablers
encosa energy GmbH,https://www.encosa.energy/,DE,startup,45,Tier 3: Medium Priority,Rule 1: Platform Enablers
Kiku,https://www.getkiku.com/,DK,startup,45,Tier 3: Medium Priority,Rule 1: Platform Enablers
Aris Machina,https://www.arismachina.com,SE,startup,45,Tier 3: Medium Priority,Rule 1: Platform Enablers
Syncable,https://syncable.dev,DK,startup,45,Tier 3: Medium Priority,Rule 1: Platform Enablers
Mint Link,https://mint.link/,ES,Undisclosed,44,Tier 3: Medium Priority,Rule 1: Platform Enablers
Uniq Things,https://www.uniqthings.de,DE,Undisclosed,44,Tier 3: Medium Priority,Rule 1: Platform Enablers
Imaginate,https://imaginate.cc,FI,Undisclosed,44,Tier 3: Medium Priority,Rule 1: Platform Enablers
TikBox,https://tikbox.io,GB,Undisclosed,44,Tier 3: Medium Priority,Rule 1: Platform Enablers
EquaFish,https://www.equafish.com/,NO,Undisclosed,44,Tier 3: Medium Priority,Rule 1: Platform Enablers
OWN GmbH,https://www.owndataready.ai,DE,Undisclosed,44,Tier 3: Medium Priority,Rule 1: Platform Enablers
8wave.ai,https://www.8wave.ai,FI,Undisclosed,44,Tier 3: Medium Priority,Rule 1: Platform Enablers
CloudTop,https://cloudtop.com,SE,Undisclosed,44,Tier 3: Medium Priority,Rule 1: Platform Enablers
edgy.digital,edgy.digital,Czech Republic,Undisclosed,44,Tier 3: Medium Priority,Rule 1: Platform Enablers; Rule 4: Health Innovations
Blue Room Innovation,www.blueroominnovation.com,Spain,Undisclosed,44,Tier 3: Medium Priority,Rule 1: Platform Enablers
Louhe,www.louhe.com,Finland,Undisclosed,44,Tier 3: Medium Priority,Rule 1: Platform Enablers
Greenpill,https://greenpill.tech,NL,Undisclosed,44,Tier 3: Medium Priority,Rule 1: Platform Enablers
Droplet Instruments,https://droplet-instruments.com,FI,Undisclosed,44,Tier 3: Medium Priority,Rule 1: Platform Enablers
Movesense,www.movesense.com,Finland,Undisclosed,44,Tier 3: Medium Priority,Rule 1: Platform Enablers; Rule 4: Health Innovations
EstateVision,https://estatevision.ai,IT,Undisclosed,44,Tier 3: Medium Priority,Rule 1: Platform Enablers
Self Hack Oy,https://www.selfhack.fi,FI,Undisclosed,44,Tier 3: Medium Priority,Rule 1: Platform Enablers
Eilla,www.eilla.ai,United Kingdom,Undisclosed,44,Tier 3: Medium Priority,Rule 1: Platform Enablers
Deeploy,www.deeploy.ml,Netherlands,Undisclosed,44,Tier 3: Medium Priority,Rule 1: Platform Enablers
IPRally,www.iprally.com,Finland,Undisclosed,44,Tier 3: Medium Priority,Rule 1: Platform Enablers
Powerful Medical,powerfulmedical.com,Slovakia (Slovak Republic),Undisclosed,44,Tier 3: Medium Priority,Rule 1: Platform Enablers; Rule 4: Health Innovations
SPiNE Energy,https://spine.energy/,DE,startup,44,Tier 3: Medium Priority,Rule 1: Platform Enablers
LAPIO.AI,https://www.lapio.ai,FI,startup,44,Tier 3: Medium Priority,Rule 1: Platform Enablers
NtangledState Inc.,https://ntangledstate.com,CA,startup,44,Tier 3: Medium Priority,Rule 1: Platform Enablers; Rule 4: Health Innovations
1000PS Internet GmbH,https://www.1000ps.com,AT,scaleup,44,Tier 3: Medium Priority,Rule 1: Platform Enablers
AltoTech Global,https://altotech.ai/,TH,startup,44,Tier 3: Medium Priority,Rule 1: Platform Enablers
Agaton,https://www.agaton.ai,SE,startup,44,Tier 3: Medium Priority,Rule 2: Service Providers
Decisimo,https://www.decisimo.com,GB,Undisclosed,43,Tier 3: Medium Priority,Rule 3: Insurance Solutions
JIZO,https://www.thejizo.com/about,ES,Undisclosed,43,Tier 3: Medium Priority,Rule 3: Insurance Solutions; Rule 4: Health Innovations
Maya Data,www.mayadataprivacy.com,Ireland,Undisclosed,43,Tier 3: Medium Priority,Rule 1: Platform Enablers
thirdface,https://thirdface.com,DE,Undisclosed,43,Tier 3: Medium Priority,Rule 1: Platform Enablers; Rule 4: Health Innovations
Netsoooon.Ai,www.netsooon.ai,France,Undisclosed,43,Tier 3: Medium Priority,Rule 1: Platform Enablers; Rule 4: Health Innovations
Untap,www.untaphealth.com,United Kingdom,Undisclosed,43,Tier 3: Medium Priority,Rule 1: Platform Enablers; Rule 4: Health Innovations
Rec-Motion,https://rec-motion.eu/,NL,Undisclosed,43,Tier 3: Medium Priority,Rule 2: Service Providers
RFC,www.rfcpower.com,United Kingdom,Undisclosed,43,Tier 3: Medium Priority,Rule 1: Platform Enablers
Watchibia,https://watchibia.com,CH,Undisclosed,43,Tier 3: Medium Priority,Rule 1: Platform Enablers; Rule 4: Health Innovations
Ai2Ai,www.ai2ai.fi,Finland,Undisclosed,43,Tier 3: Medium Priority,Rule 1: Platform Enablers; Rule 4: Health Innovations
SiPhox,www.siphoxhealth.com,United States,Undisclosed,43,Tier 3: Medium Priority,Rule 4: Health Innovations; Rule 5: Dev & Legacy
BrainLink,brainlink.se,Sweden,Undisclosed,43,Tier 3: Medium Priority,Rule 1: Platform Enablers; Rule 4: Health Innovations
Eagle AI AS,https://eagleai.no/,NO,Undisclosed,43,Tier 3: Medium Priority,Rule 1: Platform Enablers
enshift,www.enshift.com,Switzerland,Undisclosed,43,Tier 3: Medium Priority,Rule 1: Platform Enablers
Graphenicalab,www.graphenicalab.com,Spain,Undisclosed,43,Tier 3: Medium Priority,Rule 1: Platform Enablers; Rule 4: Health Innovations
ekai,https://ekai.ai,US,Undisclosed,43,Tier 3: Medium Priority,Rule 1: Platform Enablers
Marginum,www.marginum.com,Finland,Undisclosed,43,Tier 3: Medium Priority,Rule 1: Platform Enablers; Rule 4: Health Innovations
Manitty,www.manitty.com,France,Undisclosed,43,Tier 3: Medium Priority,Rule 1: Platform Enablers; Rule 4: Health Innovations
IMPLANZ,https://implanz.com/,CH,Undisclosed,43,Tier 3: Medium Priority,Rule 1: Platform Enablers; Rule 4: Health Innovations
Trusted Flows,https://www.trustedflows.com,GB,Undisclosed,43,Tier 3: Medium Priority,Rule 3: Insurance Solutions
respiQ,www.respiq.com,Netherlands,Undisclosed,43,Tier 3: Medium Priority,Rule 1: Platform Enablers; Rule 4: Health Innovations
Novidian,https://www.novidian.co.uk,GB,Undisclosed,43,Tier 3: Medium Priority,Rule 1: Platform Enablers
Spaictra,www.spaictra.com,France,Undisclosed,43,Tier 3: Medium Priority,Rule 4: Health Innovations
Iceye,https://www.iceye.com/,Finland,Undisclosed,43,Tier 3: Medium Priority,Rule 1: Platform Enablers; Rule 3: Insurance Solutions
Linio Biotech,https://www.linio-biotech.com,FI,scaleup,43,Tier 3: Medium Priority,Rule 1: Platform Enablers
Rentzzy,https://rentzzy.com/,HU,startup,43,Tier 3: Medium Priority,Rule 1: Platform Enablers; Rule 3: Insurance Solutions
Kailo,https://kailo.pro,MK,startup,43,Tier 3: Medium Priority,Rule 3: Insurance Solutions; Rule 4: Health Innovations
Metaforge Labs,https://metaforgelabs.com/,CY,startup,43,Tier 3: Medium Priority,Rule 1: Platform Enablers; Rule 4: Health Innovations
Flow Computing,https://flow-computing.com,FI,startup,43,Tier 3: Medium Priority,Rule 5: Dev & Legacy
PureIMS,https://pureims.com/,NL,scaleup,43,Tier 3: Medium Priority,Rule 4: Health Innovations
"VELIONIS CO., LTD",https://http://www.cozyarm.kr/,KR,startup,43,Tier 3: Medium Priority,Rule 1: Platform Enablers; Rule 3: Insurance Solutions
Cyberday Inc,https://cyberday.ai,FI,scaleup,43,Tier 3: Medium Priority,Rule 1: Platform Enablers
Level Zero Health,,GB,startup,43,Tier 3: Medium Priority,Rule 1: Platform Enablers; Rule 4: Health Innovations
Faireec,,FI,startup,43,Tier 3: Medium Priority,Rule 1: Platform Enablers
Gyre Energy,www.gyreenergy.com,United Kingdom,2 - Validating,42,Tier 3: Medium Priority,Rule 1: Platform Enablers
Solace Care,www.solace.care,Sweden,1 - Emerging,42,Tier 3: Medium Priority,Rule 1: Platform Enablers
TrialMe AB,,Sweden,1 - Emerging,42,Tier 3: Medium Priority,Rule 4: Health Innovations
MCP-Builder.ai,https://mcp-builder.ai,AT,Undisclosed,42,Tier 3: Medium Priority,Rule 1: Platform Enablers; Rule 2: Service Providers
Rinnoco Ltd,https://rinnoco.com,CY,Undisclosed,42,Tier 3: Medium Priority,Rule 1: Platform Enablers; Rule 4: Health Innovations
SnapStack,snapstack.cz,Czech Republic,Undisclosed,42,Tier 3: Medium Priority,Rule 3: Insurance Solutions
Getta.ai,https://getta.ai,,Undisclosed,42,Tier 3: Medium Priority,Rule 1: Platform Enablers
Groundswell,https://www.groundswell.earth/,,Undisclosed,42,Tier 3: Medium Priority,Rule 1: Platform Enablers; Rule 4: Health Innovations
Sagittal,sagittal.ai,United Kingdom,Undisclosed,42,Tier 3: Medium Priority,Rule 5: Dev & Legacy
Modino.io,modino.io,Poland,Undisclosed,42,Tier 3: Medium Priority,Rule 1: Platform Enablers; Rule 4: Health Innovations
Yavio,https://yavio.io,DE,Undisclosed,42,Tier 3: Medium Priority,Rule 1: Platform Enablers; Rule 2: Service Providers
Shen AI,www.shen.ai,Estonia,Undisclosed,42,Tier 3: Medium Priority,Rule 1: Platform Enablers; Rule 3: Insurance Solutions; Rule 4: Health Innovations
KnowGuard AI,https://www.knowguardai.com,,Undisclosed,42,Tier 3: Medium Priority,Rule 1: Platform Enablers
DummDumm Inc.,https://www.dummdumm.global,KR,Undisclosed,42,Tier 3: Medium Priority,Rule 1: Platform Enablers
DeepFlow,www.deepflow.com,United Kingdom,Undisclosed,42,Tier 3: Medium Priority,Rule 1: Platform Enablers
Homie,www.usehomie.com,Singapore,Undisclosed,42,Tier 3: Medium Priority,Rule 1: Platform Enablers; Rule 2: Service Providers
Factorium,factorium.tech,Thailand,Undisclosed,42,Tier 3: Medium Priority,Rule 1: Platform Enablers; Rule 4: Health Innovations
Nvelop,www.nvelop.ai,Finland,Undisclosed,42,Tier 3: Medium Priority,Rule 2: Service Providers
Qare,www.qare.fr,France,Undisclosed,42,Tier 3: Medium Priority,Rule 4: Health Innovations
Xaver,www.xaver.com,Germany,Undisclosed,42,Tier 3: Medium Priority,Rule 1: Platform Enablers
Cloudsquid,www.cloudsquid.io,Germany,Undisclosed,42,Tier 3: Medium Priority,Rule 2: Service Providers
Yazen,www.yazen.com,Sweden,Undisclosed,42,Tier 3: Medium Priority,Rule 4: Health Innovations
IntelSwift,intelswift.com,Estonia,Undisclosed,42,Tier 3: Medium Priority,Rule 1: Platform Enablers; Rule 2: Service Providers
SEC Technologies,https://www.sec-technologies.com/,SK,scaleup,42,Tier 3: Medium Priority,Rule 1: Platform Enablers
WasteSide GmbH,https://www.wasteside.de/,DE,startup,42,Tier 3: Medium Priority,Rule 1: Platform Enablers
Vizaible,https://www.vizaible.com,BE,startup,42,Tier 3: Medium Priority,Rule 3: Insurance Solutions
Cetasol,https://cetasol.com/,SE,startup,42,Tier 3: Medium Priority,Rule 1: Platform Enablers
Zero Gravity Oy,https://www.zerogravity.fi/,FI,startup,42,Tier 3: Medium Priority,Rule 1: Platform Enablers
Digna AS,https://www.digna.no/,NO,startup,42,Tier 3: Medium Priority,Rule 1: Platform Enablers
Carneiro Oy,https://www.carneirogroup.com/,FI,startup,42,Tier 3: Medium Priority,Rule 1: Platform Enablers
Parenum Oy,https://www.hobiver.com,FI,startup,42,Tier 3: Medium Priority,Rule 1: Platform Enablers
VITAS,https://www.telefonassistent.de,DE,startup,42,Tier 3: Medium Priority,Rule 1: Platform Enablers
Firefly Sensing B.V.,https://fireflysensing.com/,NL,startup,42,Tier 3: Medium Priority,Rule 1: Platform Enablers
Docue Technologies Oy,https://docue.com/en-gb,FI,scaleup,42,Tier 3: Medium Priority,Rule 2: Service Providers
Gaidor Oy,https://gaidor.ai/,FI,startup,42,Tier 3: Medium Priority,Rule 1: Platform Enablers
hololink.io,https://www.hololink.io/,DK,startup,42,Tier 3: Medium Priority,Rule 1: Platform Enablers
Nimi,https://www.nimi.live,GB,startup,42,Tier 3: Medium Priority,Rule 1: Platform Enablers
Sesamers,https://app.sesamers.com,FR,startup,42,Tier 3: Medium Priority,Rule 1: Platform Enablers
TheyRank,https://theyrank.com/,GB,startup,42,Tier 3: Medium Priority,Rule 1: Platform Enablers
Aikido Security,https://aikido.dev/,BE,startup,42,Tier 3: Medium Priority,Rule 1: Platform Enablers
Tjecko B.V.,https://tjecko.com,NL,startup,42,Tier 3: Medium Priority,Rule 1: Platform Enablers
BOTNOI Group,https://botnoigroup.com,TH,scaleup,42,Tier 3: Medium Priority,Rule 4: Health Innovations
BIOCOLL / VTT LaunchPad,,FI,startup,42,Tier 3: Medium Priority,Rule 1: Platform Enablers
Dutch Sensor Systems B.V. ,https://www.dutchsensorsystems.com,NL,startup,42,Tier 3: Medium Priority,Rule 1: Platform Enablers
Astrumlux,,FI,startup,42,Tier 3: Medium Priority,Rule 3: Insurance Solutions
Blueprint Crusher OY,https://www.blueprintcrusher.com/,FI,startup,42,Tier 3: Medium Priority,Rule 1: Platform Enablers
IoTique,https://www.iotique.it,IT,startup,42,Tier 3: Medium Priority,Rule 1: Platform Enablers
LegalTegrity GmbH,https://legaltegrity.com,DE,startup,42,Tier 3: Medium Priority,Rule 1: Platform Enablers
EVorkshop.com,https://evorkshop.com/,PL,scaleup,42,Tier 3: Medium Priority,Rule 1: Platform Enablers
Tweaq,https://www.tweaq.ai,GB,startup,42,Tier 3: Medium Priority,Rule 1: Platform Enablers
Dandelion Diagnostics,https://dandeliondx.com,DK,2 - Validating,41,Tier 3: Medium Priority,Rule 4: Health Innovations
Myscribe,www.myscribe.de,Germany,1 - Emerging,41,Tier 3: Medium Priority,Rule 4: Health Innovations
Molnett,www.molnett.com,Sweden,Undisclosed,41,Tier 3: Medium Priority,Rule 1: Platform Enablers
XRTC,https://www.xrtc.io,FI,Undisclosed,41,Tier 3: Medium Priority,Rule 1: Platform Enablers; Rule 4: Health Innovations
Optifi,https://www.optifiplatform.com,GB,Undisclosed,41,Tier 3: Medium Priority,Rule 1: Platform Enablers
Theup,www.theup.io,Poland,Undisclosed,41,Tier 3: Medium Priority,Rule 3: Insurance Solutions
Nisquare/Niro AI,https://www.niroai.dev,,Undisclosed,41,Tier 3: Medium Priority,Rule 1: Platform Enablers; Rule 5: Dev & Legacy
Level Zero,www.levelzerohealth.com,United States,Undisclosed,41,Tier 3: Medium Priority,Rule 1: Platform Enablers; Rule 4: Health Innovations
The PoC,https://www.thepoc.ai/,SE,Undisclosed,41,Tier 3: Medium Priority,Rule 1: Platform Enablers
Tekve,www.tekve.fi,Finland,Undisclosed,41,Tier 3: Medium Priority,Rule 1: Platform Enablers
Nauti,https://nauti.one/,NL,Undisclosed,41,Tier 3: Medium Priority,Rule 1: Platform Enablers; Rule 3: Insurance Solutions
Spinal,www.withspinal.com,Spain,Undisclosed,41,Tier 3: Medium Priority,Rule 1: Platform Enablers
Gamma Meon,https://solarenergyport.net,GB,Undisclosed,41,Tier 3: Medium Priority,Rule 1: Platform Enablers
Shareback,www.shareback.com,United Kingdom,Undisclosed,41,Tier 3: Medium Priority,Rule 1: Platform Enablers
SDA ProposalPro,https://proposal.it.com/,EE,Undisclosed,41,Tier 3: Medium Priority,Rule 1: Platform Enablers
EasyHTA,https://easyhta.com/,FI,Undisclosed,41,Tier 3: Medium Priority,Rule 3: Insurance Solutions; Rule 4: Health Innovations
2BM Software,2bmsoftware.com,Denmark,Undisclosed,41,Tier 3: Medium Priority,Rule 4: Health Innovations
Quantune,www.quantune.com,Germany,Undisclosed,41,Tier 3: Medium Priority,Rule 1: Platform Enablers; Rule 4: Health Innovations
Sizeless,www.sizeless.co,United States,Undisclosed,41,Tier 3: Medium Priority,Rule 1: Platform Enablers
Bone Index Finland Ltd,https://boneindex.com,FI,Undisclosed,41,Tier 3: Medium Priority,Rule 1: Platform Enablers; Rule 4: Health Innovations
AI @ Your Service,https://atyourservice.ai,FI,Undisclosed,41,Tier 3: Medium Priority,Rule 1: Platform Enablers; Rule 5: Dev & Legacy
Altum,www.altumsequencing.com,Spain,Undisclosed,41,Tier 3: Medium Priority,Rule 1: Platform Enablers; Rule 4: Health Innovations
Manus AI,www.manus.im,Singapore,Undisclosed,41,Tier 3: Medium Priority,Rule 1: Platform Enablers; Rule 2: Service Providers
Hedera Dx,www.hederadx.com,Switzerland,Undisclosed,41,Tier 3: Medium Priority,Rule 1: Platform Enablers; Rule 4: Health Innovations
Hemby,https://www.hemby.com/en,FI,startup,41,Tier 3: Medium Priority,Rule 3: Insurance Solutions
enabl Technologies GmbH,https://www.enabl-tech.de/de,DE,startup,41,Tier 3: Medium Priority,Rule 1: Platform Enablers
IQM Quantum Computers,https://www.meetiqm.com,FI,scaleup,41,Tier 3: Medium Priority,
Dragon Guild Ltd,https://dragonguild.org,GB,startup,41,Tier 3: Medium Priority,Rule 1: Platform Enablers
"Cache AI Technologies, inc.",https://cacheai.geek-guild.com/,US,startup,41,Tier 3: Medium Priority,Rule 1: Platform Enablers
smeGo,https://smego.com/,NL,scaleup,41,Tier 3: Medium Priority,
MeetingPackage,https://meetingpackage.com/,FI,scaleup,41,Tier 3: Medium Priority,
InhalPlus,https://www.inhalplus.com,DE,startup,41,Tier 3: Medium Priority,Rule 4: Health Innovations
Revive Battery B.V,https://revivebattery.eu,NL,startup,41,Tier 3: Medium Priority,Rule 1: Platform Enablers
Honu AI,https://www.honu.ai,GB,startup,41,Tier 3: Medium Priority,Rule 1: Platform Enablers
MATRIA,https://www.matria.tech,TR,startup,41,Tier 3: Medium Priority,Rule 1: Platform Enablers
Granarium Technologies / VTT LaunchPad,https://www.vttresearch.com/en/about-us/invest-innovation/vtt-launchpad/granarium-technologies,FI,startup,41,Tier 3: Medium Priority,Rule 1: Platform Enablers
solarwing,https://solarwing.io,AT,startup,41,Tier 3: Medium Priority,Rule 1: Platform Enablers
Aerospec,https://aerospec.ch/,CH,startup,41,Tier 3: Medium Priority,Rule 3: Insurance Solutions
NeoCarbon,https://www.neocarbon.tech/,DE,startup,41,Tier 3: Medium Priority,Rule 1: Platform Enablers
NexUse IP Solutions,,EE,startup,41,Tier 3: Medium Priority,Rule 1: Platform Enablers
OASYS NOW,https://www.oasysnow.com,NL,startup,41,Tier 3: Medium Priority,Rule 4: Health Innovations
Sustafe,https://sustafe.com/,FI,startup,41,Tier 3: Medium Priority,Rule 1: Platform Enablers
CeraSleeveÂ® GmbH,https://www.cerasleeve.com/,DE,startup,41,Tier 3: Medium Priority,Rule 1: Platform Enablers
Swistor SA,https://www.swistor.com,CH,startup,41,Tier 3: Medium Priority,Rule 1: Platform Enablers
Corsmed,https://corsmed.com/,SE,startup,41,Tier 3: Medium Priority,Rule 4: Health Innovations
Strain Vaults,https://www.strainvaults.com/,GB,startup,41,Tier 3: Medium Priority,Rule 1: Platform Enablers
StepHow Inc.,https://www.wissly.ai,KR,startup,41,Tier 3: Medium Priority,Rule 1: Platform Enablers
Supair,https://www.supair.it/,IT,startup,41,Tier 3: Medium Priority,Rule 1: Platform Enablers
Lumoin,https://lumoin.com,FI,Undisclosed,40,Tier 3: Medium Priority,Rule 1: Platform Enablers
Marsland Institute,https://marslandinstitute.com,CA,Undisclosed,40,Tier 3: Medium Priority,Rule 1: Platform Enablers; Rule 3: Insurance Solutions
Demp bio,https://demp-bio.com/,NO,Undisclosed,40,Tier 3: Medium Priority,Rule 1: Platform Enablers
RideScan,www.ridescan.ai,United Kingdom,Undisclosed,40,Tier 3: Medium Priority,Rule 1: Platform Enablers
Repli Oy,https://www.repli.dev,FI,Undisclosed,40,Tier 3: Medium Priority,Rule 1: Platform Enablers
Rise.,www.rise.works,Spain,Undisclosed,40,Tier 3: Medium Priority,Rule 1: Platform Enablers
Switchpoint Bio,https://www.switchpointbio.com/,FI,Undisclosed,40,Tier 3: Medium Priority,Rule 1: Platform Enablers
ESLOG,https://eslog.io,PL,Undisclosed,40,Tier 3: Medium Priority,Rule 1: Platform Enablers
FUTUR-AI,https://www.futur-ai.it/,IT,Undisclosed,40,Tier 3: Medium Priority,Rule 1: Platform Enablers
EAGLE RAY ROBOTICS,https://www.eaglerayrobotics.com/,GB,Undisclosed,40,Tier 3: Medium Priority,Rule 1: Platform Enablers
Emission-Eye,emission-eye.com,Finland,Undisclosed,40,Tier 3: Medium Priority,Rule 1: Platform Enablers
Honu,www.honu.ai,United Kingdom,Undisclosed,40,Tier 3: Medium Priority,Rule 1: Platform Enablers
Kimara.ai,https://kimara.ai,FI,Undisclosed,40,Tier 3: Medium Priority,Rule 1: Platform Enablers
Lightbringer,www.lightbringer.com,Sweden,Undisclosed,40,Tier 3: Medium Priority,Rule 1: Platform Enablers
Ecomoni,www.ecomoni.nl,Netherlands,Undisclosed,40,Tier 3: Medium Priority,Rule 1: Platform Enablers
Cetrium Oy,https://cetrium.eu,FI,Undisclosed,40,Tier 3: Medium Priority,Rule 1: Platform Enablers
Axem Solutions,www.axem.dev,Hungary,Undisclosed,40,Tier 3: Medium Priority,Rule 5: Dev & Legacy
Zhiva,zhiva.sk,Slovakia,Undisclosed,40,Tier 3: Medium Priority,Rule 4: Health Innovations
Storest Oy,https://storest.fi/,FI,Undisclosed,40,Tier 3: Medium Priority,Rule 1: Platform Enablers
XL Batteries,xlbatteries.com,United States,Undisclosed,40,Tier 3: Medium Priority,Rule 1: Platform Enablers
WE ARCHIVE,https://search.wearchive.co/,SE,Undisclosed,40,Tier 3: Medium Priority,Rule 1: Platform Enablers
Cyon.media,https://cyon.media,FI,Undisclosed,40,Tier 3: Medium Priority,Rule 1: Platform Enablers
Misslaboratory,misslaboratory.com,Lithuania,Undisclosed,40,Tier 3: Medium Priority,Rule 1: Platform Enablers; Rule 4: Health Innovations
Manukai,www.manukai.ch,Switzerland,Undisclosed,40,Tier 3: Medium Priority,Rule 1: Platform Enablers
SOCLY.io,www.socly.io,India,Undisclosed,40,Tier 3: Medium Priority,Rule 1: Platform Enablers
Combient,www.combient.com,Sweden,Undisclosed,40,Tier 3: Medium Priority,Rule 1: Platform Enablers
C12,https://www.c12qe.com/,,Undisclosed,40,Tier 3: Medium Priority,Rule 1: Platform Enablers
Hefring Marine,www.hefringmarine.com,Iceland,Undisclosed,40,Tier 3: Medium Priority,Rule 1: Platform Enablers
phelas,https://phelas.com,Germany,Undisclosed,40,Tier 3: Medium Priority,Rule 1: Platform Enablers
Kuormat.com Finland Oy,https://www.kuormat.com/,FI,startup,40,Tier 3: Medium Priority,Rule 1: Platform Enablers
SpinDrive,https://spindrive.fi/,FI,scaleup,40,Tier 3: Medium Priority,Rule 1: Platform Enablers
DSharp Oy,https://dsharp.fi/,FI,startup,40,Tier 3: Medium Priority,Rule 4: Health Innovations
Indices,https://indices.io,GB,startup,40,Tier 3: Medium Priority,Rule 1: Platform Enablers
bex technologies,https://bexapp.de,DE,startup,40,Tier 3: Medium Priority,Rule 1: Platform Enablers
Mewery,https://mewery.io/,CZ,startup,40,Tier 3: Medium Priority,Rule 1: Platform Enablers
Smartstorify,https://smartstorify.ai,FI,startup,40,Tier 3: Medium Priority,Rule 1: Platform Enablers
Waterly,https://waterly.eu/en,PL,startup,40,Tier 3: Medium Priority,Rule 1: Platform Enablers
Element 16,https://element16.com,US,scaleup,40,Tier 3: Medium Priority,Rule 1: Platform Enablers
DURI Inc,https://ricebari.com,KR,startup,40,Tier 3: Medium Priority,Rule 1: Platform Enablers
All But Sugar,https://www.allbutsugar.com/ ,AT,startup,40,Tier 3: Medium Priority,Rule 1: Platform Enablers
Automata,https://automata.builders/,FI,startup,40,Tier 3: Medium Priority,Rule 5: Dev & Legacy
Hydros Power S. L.,https://hydros-pwr.com/,ES,startup,40,Tier 3: Medium Priority,Rule 1: Platform Enablers
