id,name,website,shortDescription,billingCountry,billingCity,maturity,employees,totalFunding,currentInvestmentStage,dateFounded,is_enriched
44746,Hookle,https://hookle.ai/first-cmo,AI agents are redefining how 300 million micro-businesses handle marketing — and Hookle is leading this transformation. We’re introducing AI agent-powered teams that bring professional marketing capab,FI,Helsinki,scaleup,Undisclosed,,Undisclosed,2017-01-01T00:00:00.000Z,
44763,SEC Technologies,https://www.sec-technologies.com/,"SEC Technologies, s.r.o. is a young and dynamic company building on 30 years of R&D in the area of opto-electronics. The company has developed the only active stand-off detector of chemical warfare ag",SK,Liptovsky Mikulas,scaleup,Undisclosed,,Undisclosed,2011-01-01T00:00:00.000Z,
44779,Proseduuri Oy,https://www.proseduuri.fi,"Proseduuri+Cloud is a platform where customer can easily onboard to our business solutions (procedures) using AI supported onboarding. Today we have web-based cloud erp for retail and wholesale, large",FI,Tampere,scaleup,Undisclosed,,Undisclosed,2015-01-01T00:00:00.000Z,
44811,Integrify,https://www.integrify.io,"Integrify is a bootstrapped & profitable tech talent platform operating in Europe and the Middle East. 

Over 150 leading companies trust our AI-powered platform to find the perfect match amongst a po",FI,Helsinki,scaleup,Undisclosed,,Undisclosed,2016-01-01T00:00:00.000Z,
44821,Ultimate,https://www.ultimate.ai,AI Agents for customer service,FI,Helsinki,scaleup,Undisclosed,,Undisclosed,2016-01-01T00:00:00.000Z,
44831,Sastech AS,https://sastech.no/,"Sastech helps commercial real estate owners and tenants reduce energy consumption by feeding real-time sensor data into the Sastech platform, providing building energy consumption insight and active c",NO,Larvikk/Oslo,scaleup,Undisclosed,,Undisclosed,2019-01-01T00:00:00.000Z,
44838,DeoVR,https://deovr.com,DeoVR is a one-stop shop for virtual reality video. It is a VR video player and a streaming platform with many thousands of high-quality VR videos. The app is packed with groundbreaking features and d,SI,Ljubljana,scaleup,Undisclosed,,Undisclosed,2015-01-01T00:00:00.000Z,
44841,EVERIMPACT,https://www.everimpact.com/,"Everimpact is a leader in measuring greenhouse gas (GHG) emissions directly at the source. Founded by three former United Nations leaders with expertise in climate change, satellite imagery, and clima",FR,PARIS,scaleup,Undisclosed,,Undisclosed,2015-01-01T00:00:00.000Z,
44842,Oyster ,https://www.oysterhr.com/,"Oyster is your global employment platform to hire, pay, reward, and manage full-time talent and contractors in 180+ countries without opening an entity.",US,Delaware,scaleup,Undisclosed,,Undisclosed,2020-01-01T00:00:00.000Z,
44845,Fusebox Energy,https://www.fusebox.energy,"The energy industry has spent years piecing together disconnected systems — each vendor promising results, every integration taking months, and switching partners feeling almost impossible. Fusebox OS",EE,Tallinn,scaleup,Undisclosed,,Undisclosed,2014-01-01T00:00:00.000Z,
44847,Safesize,https://www.safesize.com/,"SafeSize’s proprietary platform combines three key components:

- 3D Foot Scanning Technology – capturing highly accurate measurements of each consumer’s feet in seconds, both in-store and via mobile ",GR,Athens,scaleup,Undisclosed,,Undisclosed,2013-01-01T00:00:00.000Z,
44870,DTE,https://www.dte.ai/,"DTE is the category leader transforming the $500B molten aluminum value chain with our patented in-process molten metal analyzers and AI-based process insights - maximizing throughput, quality and scr",IS,Reykjavik,scaleup,Undisclosed,,Undisclosed,2014-01-01T00:00:00.000Z,
44875,ITEM42 LTD,https://www.item42.com/,"We create modern first-person shooter experiences with a focus on world-immersion storytelling, pushing the boundaries of interactive fidelity as indie developers. 

We published our first game, PERIS",GB,Brighton,scaleup,Undisclosed,,Undisclosed,2016-01-01T00:00:00.000Z,
44879,Solar Foods Oyj,https://www.investors.solarfoods.com/,"Solar Foods is a global leader in sustainable protein production. Our proprietary hydrogen fermentation technology converts carbon dioxide, electricity, and nutrients into Solein® — a natural, nutriti",FI,Vantaa,scaleup,Undisclosed,,Undisclosed,2017-01-01T00:00:00.000Z,
44912,Ruuvi Innovations Oy,https://ruuvi.com,"Ruuvi Innovations stands at the forefront of sensor technology, dedicated to transforming the way individuals and businesses interact with and understand their environments. With a commitment to preci",FI,Kokkola,scaleup,Undisclosed,,Undisclosed,2016-01-01T00:00:00.000Z,
44919,Databricks,https://www.databricks.com/,Data Intelligence Platform,US,San Francisco,scaleup,Undisclosed,,Undisclosed,2013-01-01T00:00:00.000Z,
44923,Inari Agriculture ,https://inari.com/,"Inari, the SEEDesign™ company, develops seeds that address the world’s needs, pushing the boundaries of what is possible for a more sustainable, nature-positive food system. Through a combination of A",US,Cambridge,scaleup,Undisclosed,,Undisclosed,2016-01-01T00:00:00.000Z,
44970,Xiphera Oy,https://xiphera.com,"Xiphera designs and licenses hardware-based security solutions using standardised cryptographic algorithms. We have strong security expertise, extensive experience in system design, and deep knowledge",FI,Espoo,scaleup,Undisclosed,,Undisclosed,2017-01-01T00:00:00.000Z,
44973,Supabase,https://supabase.com/,"Supabase is the open-source Postgres development platform that’s built to scale to millions. It is an all-in-one suite with Database, Auth, Storage, Edge Functions, Real-Time, and Vector search. Use o",SG,Singapore,scaleup,Undisclosed,,Undisclosed,2020-01-01T00:00:00.000Z,
44988,Katana,https://www.katanamrp.com,Cloud Inventory Platform for SMBs,EE,Tallinn,scaleup,Undisclosed,,Undisclosed,2017-01-01T00:00:00.000Z,
44996,InfoBeans,https://www.infobeans.com,Develops highly scalable and ai driven software to help enterprises scale and grow,IN,Indore,scaleup,Undisclosed,,Undisclosed,2000-01-01T00:00:00.000Z,
44998,Distran,https://distran.swiss/,"Tech leader in ultrasound leak detection—sensors + cloud software for safer, cleaner, reliable operations.",CH,Zurich,scaleup,Undisclosed,,Undisclosed,2013-01-01T00:00:00.000Z,
45020,SpinDrive,https://spindrive.fi/,SpinDrive improves the energy efficiency of industrial processes by providing active magnetic bearing (AMB) system with IoT condition monitoring for the high-speed machinery sector. We reduce rotating,FI,Lappeenrnata,scaleup,Undisclosed,,Undisclosed,2015-01-01T00:00:00.000Z,
45035,Mentionlytics,https://www.mentionlytics.com,"Mentionlytics is a robust Social Media Intelligence SaaS, with AI insights and analysis of the results. It will continounsly  scan the web and social media for mentions to your brand, competitors or t",GR,Crete,scaleup,Undisclosed,,Undisclosed,2016-01-01T00:00:00.000Z,
45041,Kuori,https://www.kuori.tech,"Kuori is a fast-growing Finnish developer and manufacturer of industrial-grade display, touchscreen and software solutions, built to perform reliably in even the most demanding environments.
Founded i",FI,Espoo,scaleup,Undisclosed,,Undisclosed,2015-01-01T00:00:00.000Z,
45042,Lake ,https://www.lakecoloring.com,Building one of the best coloring apps out there,SI,Ljubljana,scaleup,Undisclosed,,Undisclosed,2017-01-01T00:00:00.000Z,
45044,Stroma Medical,https://www.stromamedical.com/,"Stroma Medical Corporation is a pre-revenue, clinical-stage medical device startup located in the United States. Stroma's patented laser technology is designed to reveal underlying natural eye colors,",US,Irvine,scaleup,Undisclosed,,Undisclosed,2009-01-01T00:00:00.000Z,
45046,Nano-Tech S.p.A.,https://italnanotech.com/,Nano-Tech is a deep-tech materials company pioneering the development and production of nano-engineered composite materials that withstand extreme temperatures (up to 600°C) while remaining ultra-ligh,IT,Ascoli pICENO,scaleup,Undisclosed,,Undisclosed,2016-01-01T00:00:00.000Z,
45057,MyCena,https://mycena.co,"Billions are spent on cybersecurity every year to protect systems, not systems. Yet 90% of breaches start with people. This is due to a legacy design flaw that merged identity and access, causing peop",GB,London,scaleup,Undisclosed,,Undisclosed,2017-01-01T00:00:00.000Z,
45062,"Singularity Energy Technologies, LLC (SET)",https://www.singularet.com,"Singularity Energy Technologies (SET) develops and deploys its patented Sandwich® Gasifier technology to convert municipal solid waste, plastics, and biomass into clean syngas for producing methanol, ",US,Grand Forks,scaleup,Undisclosed,,Undisclosed,2014-01-01T00:00:00.000Z,
45063,Epishine - photonic semiconductor film for ambient IoT,https://www.epishine.com,"Epishine: Printed photonic semiconductor film harvesting ambient light for self-powered IoT. 

**10 yrs R&D → patented roll-to-roll factory live. 
**Flagship customers incl. Google entering production",SE,Linköping,scaleup,Undisclosed,,Undisclosed,2016-01-01T00:00:00.000Z,
45064,Spond AS,https://www.spond.com/no/,"Spond is an app designed to make it easier for groups, clubs, and organizations to manage their activities. It streamlines communication, helps with event planning, manages finances, and facilitates a",NO,Oslo,scaleup,Undisclosed,,Undisclosed,2012-01-01T00:00:00.000Z,
45067,Choicely,https://www.choicely.com,"Choicely’s platform offers the best tech stack for professional for creating native mobile apps. It consists of just rescently published S DK, Visual builderr and AI.
With Choicely's technology, one c",FI,Helsinki,scaleup,Undisclosed,,Undisclosed,2015-01-01T00:00:00.000Z,
45080,NoPalm Ingredients,https://www.nopalm-ingredients.com,"NoPalm Ingredients is the alt-fats company that brews sustainable fats by upcycling agri-food waste streams using fermentation technology.

NPI’s fats and oils are a true drop-in replacement:
- At pri",NL,Wageningen,scaleup,Undisclosed,,Undisclosed,2021-01-01T00:00:00.000Z,
45082,Synthesia,https://www.synthesia.io/,"Over 65,000 businesses, including more than 90% of the Fortune 100, use Synthesia to communicate efficiently and share knowledge at scale using AI avatars. Founded in 2017, Synthesia is headquartered ",GB,London,scaleup,Undisclosed,,Undisclosed,2017-01-01T00:00:00.000Z,
45086,FindMyLost,https://www.findmylost.it/en/company/business.html,The first digital lost property tool for business and consumer. We’re on a mission to connect lost & found items with their owners in just one click leveraging our SaaS cloud-based software designed s,IT,Milan ,scaleup,Undisclosed,,Undisclosed,2016-01-01T00:00:00.000Z,
45096,Supermetrics,https://supermetrics.com/,Supermetrics Unifies Your Marketing Data and Workflows to Drive Real Business Results,FI,HELSINKI,scaleup,Undisclosed,,Undisclosed,2010-01-01T00:00:00.000Z,
45114,OGOship,https://www.ogoship.com,"At OGOship, we're leading the way in transforming consumer e-commerce with advanced technology and a focus on consumer needs. Our goal is to become the go-to player in Europe in the e-commerce logisti",FI,Helsinki,scaleup,Undisclosed,,Undisclosed,2017-01-01T00:00:00.000Z,
45124,Husky Workplace Pensions & Savings,https://huskyfinance.com/,"We help employers choose, set up and run their pensions and we help employees maximise their pensions.",GB,London,scaleup,Undisclosed,,Undisclosed,2014-01-01T00:00:00.000Z,
45129,Glazed Solutions,https://www.glazedsolutions.com/,"Glazed is a team of elite web and mobile developers that has developed hundreds of apps for millions of users and some of the world’s largest companies.
We grow slowly and only hire the best in the bu",PT,Matosinhos,scaleup,Undisclosed,,Undisclosed,2011-01-01T00:00:00.000Z,
45145,Risto Reipas Oy,https://ristoreipas.fi,Risto Reipas is a platform company providing car transfer services in Finland and import transfer to Finland. We are able to transfer your car practically anywhere to everywhere inside Finland in appr,FI,Helsinki,scaleup,Undisclosed,,Undisclosed,2005-01-01T00:00:00.000Z,
45164,Aalbun,https://www.aalbun.com,Advanced IP and professional services globally,GB,Cambridge,scaleup,Undisclosed,,Undisclosed,2017-01-01T00:00:00.000Z,
45177,Cuckoo Networks oy,https://cuckoo.fi/en/,"Cuckoo is building a cutting-edge data platform and a cross-platform application for wellbeing. We have turned workday wellness into an engaging game, which uses superior quality video content, data, ",FI,Helsinki,scaleup,Undisclosed,,Undisclosed,2014-01-01T00:00:00.000Z,
45196,"System Stone Co., Ltd",https://factorium.tech/,"System Stone develops Factorium and Jorpor Plus. Factorium boosts maintenance efficiency, while Jorpor Plus enhances safety management — driving smarter, safer factories.",TH,Bangkok,scaleup,Undisclosed,,Undisclosed,2016-01-01T00:00:00.000Z,
45197,Jobilla Oy,https://www.jobilla.com/en/,Jobilla’s unique recruitment solutions help you reach the desired target group - No matter who they are or where they are through channels they are already on.,FI,Helsinki,scaleup,Undisclosed,,Undisclosed,2015-01-01T00:00:00.000Z,
45198,Sign on Tab,https://signontab.com/,We provide a biometric e-signature and digital consent platform that allows patients to review and sign medical documents directly on a tablet or computer. Our solution integrates with hospital inform,LT,Vilnius,scaleup,Undisclosed,,Undisclosed,2020-01-01T00:00:00.000Z,
45202,Linky Innovation srl,https://linkyinnovation.com/,"LINKY INNOVATION srl is an innovative Italian startup revolutionizing urban and last-mile travel by designing and manufacturing ultra-compact, sustainable electric mobility solutions. Our flagship pro",IT,Monte Vidon Corrado,scaleup,Undisclosed,,Undisclosed,2016-01-01T00:00:00.000Z,
45203,AnotheReality,https://www.anothereality.io/en/,"Born as one of the first XR Studios in Italy specialized in VR Simulations and Games, AnotheReality over the years evolved into a software company specialized in interactive experience based products ",IT,Milan,scaleup,Undisclosed,,Undisclosed,2016-01-01T00:00:00.000Z,
45206,Linio Biotech,https://www.linio-biotech.com,"Linio Biotech is developing a first-in-kind regenerative medical device for natural tissue augmentation, leveraging its proprietary Tience® technology. Our goal is to create a paradigm shift in aesthe",FI,Helsinki,scaleup,Undisclosed,,Undisclosed,2017-01-01T00:00:00.000Z,
45213,FlyNex,https://flynex.io,We provide automated infrastructure inspections to scale maintenance and repair operations for enterprise clients. Clients choose us because we provide an end to end solution of a complete data driven,DE,Leipzig,scaleup,Undisclosed,,Undisclosed,2015-01-01T00:00:00.000Z,
45221,Fizix,https://fizix.ai/en/,"Fizix is an end-to-end smart machine health monitoring solution, designed to keep rising maintenance and energy costs under control. In line with Industry 4.0 and digitalisation trends, it enables mon",TR,Ankara,scaleup,Undisclosed,,Undisclosed,2022-01-01T00:00:00.000Z,
45246,PETE Technologies  GmbH,https://pete-ai.com,"PETE Technologies is redefining IT Service Management with AI. Our smart sidekick PETE turns overwhelming ITSM data into instant, actionable insights — in plain language, via chat. Instead of wasting ",DE,Essen,scaleup,Undisclosed,,Undisclosed,2020-01-01T00:00:00.000Z,
45277,Delft Circuits B.V.,https://delft-circuits.com/,Delft Circuits acclerates the quantum industry with enabling i/o. We solve the cabling challenge to enable large scale quantum computing. We have developed and sell our Cri/oFlex(R) i/o (cabling) prod,NL,Delft,scaleup,Undisclosed,,Undisclosed,2017-01-01T00:00:00.000Z,
45290,AGL Inc.,https://www.aglgw.com/,"Through innovative technology and a commitment to global accessibility, AGL continues to lead the modernization of the golf travel and tee-time distribution ecosystem.",KR,Seoul,scaleup,Undisclosed,,Undisclosed,2019-01-01T00:00:00.000Z,
45294,Quicksave Interactive,https://www.quicksave.fi,"AI assisted vibe creation toolkit for interactive ads and interactive experiences. Interactive ads work 3x better than video ads, but have been expensive and laborous to create.


",FI,Helsinki,scaleup,Undisclosed,,Undisclosed,2017-01-01T00:00:00.000Z,
45305,Gogolook,https://www.gogolook.com/,"Gogolook is a leading TrustTech company established in 2012. With ""Build for Trust"" as its core value, expanding its business from Asia to Europe and America. Gogolook’s AI technology is built on the ",TW,"6F, No. 319, Section 2, Dunhua South Road, Da’an District, Taipei City 106, Taiwan",scaleup,Undisclosed,,Undisclosed,2012-01-01T00:00:00.000Z,
45316,Starberry Games,https://www.starberry.games,"StarBerry Games is an award winning mobile games studio based in Berlin.  
StarBerry aims to craft genre leading games by combining new with familiar to create unique gameplay experiences.
With a team",DE,Berlin,scaleup,Undisclosed,,Undisclosed,2017-01-01T00:00:00.000Z,
45320,Innomost Oy,https://www.innomost.com/,Innomost provides fossil-free high-value active ingredients for the chemical industry. We transform birch bark side streams into high-performance Betulin and Suberin using our patented production tech,FI,Kokkola,scaleup,Undisclosed,,Undisclosed,2016-01-01T00:00:00.000Z,
45324,Toya ,https://www.toyaplay.com/,"Toya is an award-winning Roblox studio seamlessly connecting communities, platforms, and brands through immersive digital experiences. As an Official Brand Partner of Roblox, Toya is the creative forc",IL,Tel Aviv,scaleup,Undisclosed,,Undisclosed,2017-01-01T00:00:00.000Z,
45328,Alfreð ehf,https://alfred.is/,Alfred is Iceland's most popular job search app for job seekers and employers alike. Alfred simplifies the process of posting job ads and searching for employment. A user-friendly interface and real-t,IS,Reykjavík,scaleup,Undisclosed,,Undisclosed,2017-01-01T00:00:00.000Z,
45329,LifeTaq-Analytics GmbH,https://lifetaq.com/,LifeTaq's main product is the Tissura system. An all-in-one automated solution for on-demand production of industry-validated 3D human tissue models - enabling pharma and preclinical CROs to replace p,AT,Klosterneuburg,scaleup,Undisclosed,,Undisclosed,2017-01-01T00:00:00.000Z,
45332,IQM Quantum Computers,https://www.meetiqm.com,IQM is a global leader in superconducting quantum computers. IQM provides both on-premises full-stack quantum computers and a cloud platform to access its computers. IQM customers include the leading ,FI,Espoo,scaleup,Undisclosed,,Undisclosed,2018-01-01T00:00:00.000Z,
45348,Master English Ltd,https://www.masterenglish.com,"Master English is an app for adults who want to achieve advanced English language skills to advance in their careers. The app is based on AI avatars, other AI technologies, and individual optimization",FI,Tampere,scaleup,Undisclosed,,Undisclosed,2009-01-01T00:00:00.000Z,
45351,Monidor Oy,https://monidor.com/,Monidor is a Finnish healthtech company focused on smart remote patient monitoring (RPM) for hospitals and home care. We offer a certified (MDR Class IIa/b) platform that uniquely integrates IV infusi,FI,Oulu,scaleup,Undisclosed,,Undisclosed,2015-01-01T00:00:00.000Z,
45352,Sharetribe,https://www.sharetribe.com,We build marketplace software for founders. Launch a marketplace in a day without coding. Extend infinitely with code. Scale to any size.,FI,Helsinki,scaleup,Undisclosed,,Undisclosed,2011-01-01T00:00:00.000Z,
45377,Stokkur Software,https://www.stokkur.is/en,"We create meaningful software, apps, platforms and systems that simplify life, strengthen businesses and stand the test of time. Our work spans from strategic consulting to full-scale development and ",IS,Reykjavík,scaleup,Undisclosed,,Undisclosed,2007-01-01T00:00:00.000Z,
45385,Prognosis Sp. z o.o.,https://prognosis.pl,"Prognosis Sp. z o.o. is a company dedicated to providing innovative energy management solutions for businesses. Since our establishment in 2016, Prognosis has consistently driven forward-thinking appr",PL,Suwalki,scaleup,Undisclosed,,Undisclosed,2016-01-01T00:00:00.000Z,
45386,Inscripta Oy,https://inscripta.io,"Inscripta is a technology company that sells speech recognition services for the social- and healthcare industry. We are guaranteeing accuracy, strictest data privacy, and scalability.",FI,Helsinki,scaleup,Undisclosed,,Undisclosed,2015-01-01T00:00:00.000Z,
45394,Sooma Medical,https://soomamedical.com/,Sooma Medical offers hope to 350 million patients suffering from major depressive disorder each year. Our mission is to help solve one of the majore problems in mental health care that is access to ca,FI,Helsinki,scaleup,Undisclosed,,Undisclosed,2013-01-01T00:00:00.000Z,
45402,Docue Technologies Oy,https://docue.com/en-gb,"Docue delivers a unique embedded legal engine that transforms any business software into a contract automation platform, combining lawyer-drafted compliance with seamless integration. Docue’s globally",FI,Helsinki,scaleup,Undisclosed,,Undisclosed,2015-01-01T00:00:00.000Z,
45417,smeGo,https://smego.com/,"As a fully licensed European digital-first bank and fintech, smeGo is dedicated to empowering the underserved small and medium-sized enterprises sector in Europe, with innovative daily banking and cre",NL,Amsterdam,scaleup,Undisclosed,,Undisclosed,2016-01-01T00:00:00.000Z,
45425,xorlab AG,https://www.xorlab.com/en/,xorlab protects enterprises from sophisticated never-seen-before threats with its email security platform built for security analysts and detection engineers. It lets you build and manage advanced det,CH,Zurich,scaleup,Undisclosed,,Undisclosed,2015-01-01T00:00:00.000Z,
45431,Bookboost AB,https://www.bookboost.io,"Bookboost is a VC-backed hospitality CDP and CRM that unifies guest data to help hotel groups manage communication efficiently and deliver personalized experiences at scale. Launched in 2021, the comp",SE,Malmö,scaleup,Undisclosed,,Undisclosed,2017-01-01T00:00:00.000Z,
45457,Wales Interactive,https://www.walesinteractive.com/,"Wales Interactive is a multi-award winning indie Video Games & Interactive Film Developer & Publisher & Investor. As well as creating our own in-house titles, we have evolved into a publishing label c",GB,Penarth,scaleup,Undisclosed,,Undisclosed,2011-01-01T00:00:00.000Z,
45461,MeetingPackage,https://meetingpackage.com/,"MeetingPackage - The all-in-one sales automation platform that helps event venues and hotels to fully digitise their group and meeting/event sales. 

MeetingPackage is trusted by global hotel chains s",FI,Espoo,scaleup,Undisclosed,,Undisclosed,2016-01-01T00:00:00.000Z,
45470,AsedaSciences,https://www.asedasciences.com/,"AsedaSciences® is transforming chemical safety risk assessment with 3RnD®, a next-generation, cloud-based SaaS platform that combines AI, human-cell–based testing, and dynamic data visualization, to h",CH,Zurich,scaleup,Undisclosed,,Undisclosed,2012-01-01T00:00:00.000Z,
45475,LIG Nex1,https://www.lignex1.com/eng/main.do,"LIG Nex1 is South Korea’s leading advanced defense technology company, specializing in the research, development, and production of cutting-edge weapon systems across air, land, sea, and space domains",KR,Seoul,scaleup,Undisclosed,,Undisclosed,1976-01-01T00:00:00.000Z,
45477,Great Shift,https://www.great-shift.com/,"Provides workshop-ready frameworks covering strategy, operations & people to elevate performance.",EE,Tallin / Tirana,scaleup,Undisclosed,,Undisclosed,2015-01-01T00:00:00.000Z,
45488,PureIMS,https://pureims.com/,"
PureIMS is a clinical stage pharmaceutical company focused on developing and commercializing innovative inhaled therapies, based on its proprietary dry powder inhaler Cyclops®. The focus is on the tr",NL,Roden,scaleup,Undisclosed,,Undisclosed,2016-01-01T00:00:00.000Z,
45489,Blykalla,https://www.blykalla.com,Develop next-generation SMRs (small modular nuclear reactors),SE,Stockholm,scaleup,Undisclosed,,Undisclosed,2013-01-01T00:00:00.000Z,
45498,Riverty ,https://www.riverty.com/de/business/unternehmen/ueber-uns/,"Riverty offers flexible payment solutions, invoicing services, and financial management tools to help businesses optimize their cash flow and improve customer experience.",DE,Verl,scaleup,Undisclosed,,Undisclosed,2014-01-01T00:00:00.000Z,
45518,Ntention AS,https://ntention.com/,"Ntention is revolutionizing human-robot interaction by leveraging sensor technology and eXtended Reality (XR) to create intuitive interaction systems, starting with astronauts.",NO,Oslo,scaleup,Undisclosed,,Undisclosed,2016-01-01T00:00:00.000Z,
45522,Aadrila Technologies Private Limited,https://www.aadrila.com/,Aadrila Technologies is building AI-first solutions that help insurers and financial institutions streamline operations and elevate customer experiences. Our platform spans across four key areas: clai,IN,Mumbai,scaleup,Undisclosed,,Undisclosed,2017-01-01T00:00:00.000Z,
45531,Smartly,https://www.smartly.io/,"As a leader in AI-powered creative and campaign innovation, Smartly helps you to transform your advertising with our Creative, Media and Intelligence suites. Build and enhance design with our powerful",FI,Helsinki,scaleup,Undisclosed,,Undisclosed,2013-01-01T00:00:00.000Z,
45539,Scantrust BV,https://www.scantrust.com,"Scantrust offers companies the tools they need to protect their brand, establish supply chain awareness via traceability, meet regulatory compliance on product disclosure (e.g. DPP, FSMA 204, etc.) an",NL,Amsterdam,scaleup,Undisclosed,,Undisclosed,2014-01-01T00:00:00.000Z,
45559,ISDI Ltd,https://www.isdicmos.com,"ISDI offers CMOS X-ray detectors for medical, industrial and scientific applications. ISDI also designs and manufactures CMOS image sensors and other ASICs for the detection of X-rays, visible light, ",GB,London,scaleup,Undisclosed,,Undisclosed,2010-01-01T00:00:00.000Z,
45567,Yapily,https://www.yapily.com/,"We are te leading Open Banking platform in UK and Europe,",GB,London,scaleup,Undisclosed,,Undisclosed,2017-01-01T00:00:00.000Z,
45581,Together AI,https://www.together.ai/,"Together AI is built for AI engineers and researchers — with a full suite of tooling across model training, fine-tuning, and inference. AI native app builders can reliably scale their apps to meet dem",US,San Francisco,scaleup,Undisclosed,,Undisclosed,2022-01-01T00:00:00.000Z,
45587,Kuva Space Oy,https://www.kuvaspace.com/,Kuva Space empowers every decision-maker with actionable planetary intelligence via breakthrough space and AI technology,FI,Espoo,scaleup,Undisclosed,,Undisclosed,2016-01-01T00:00:00.000Z,
45591,1000PS Internet GmbH,https://www.1000ps.com,"1000PS is Europe's leading motorcycle tech platform, reaching 6 million enthusiasts monthly across 40 markets. It leverages AI and big data to power 1800+ dealer websites, manage a comprehensive motor",AT,Wiener Neustadt,scaleup,Undisclosed,,Undisclosed,2001-01-01T00:00:00.000Z,
45598,TactoTek,https://www.tactotek.com,"Automotive, connected home, industrial control and medical brands use TactoTek innovations to create next-generation user experiences that are compelling, differentiated, and more sustainable. Designe",FI,Oulu,scaleup,Undisclosed,,Undisclosed,2011-01-01T00:00:00.000Z,
45602,Kamerastore.com,https://kamerastore.com,"Kamerastore is a growing (+12M€ ARR) scale up spreading globally from Finland through the recommerce of photographic tools: Selling online the cameras and lenses almost everybody has unused at home. 
",FI,Tampere,scaleup,Undisclosed,,Undisclosed,2010-01-01T00:00:00.000Z,
45625,Wonderz GmbH,https://www.wonderz.eu,"Wonderz is the only B2B SaaS platform empowering digital content creators to build unique fan hubs through custom apps — covering videos, games, merch, education, live events, & more. Our no-code tech",DE,Berlin,scaleup,Undisclosed,,Undisclosed,2017-01-01T00:00:00.000Z,
45655,CodeNicely,https://codenicely.in/,"CodeNicely helps startups in building world class software products for B2B, B2C segment across multiple domains. ",IN,Raipur,scaleup,Undisclosed,,Undisclosed,2017-01-01T00:00:00.000Z,
45671,"Freshbell Co., Ltd.",https://freshbell.co.kr/about,"Freshbell is redefining how people experience health.
We turn functional supplements into joyful daily rituals starting with our signature collagen jelly stick.
Unlike traditional pills or powders, ou",KR,Yeongcheon,scaleup,Undisclosed,,Undisclosed,2016-01-01T00:00:00.000Z,
45678,Toucan ,https://www.toucantoco.com/en/,"Strong growth for a software company

Toucan is a customer-facing analytics platform that empowers companies to drive engagement with data storytelling. With the best customizable end-user experience ",FR,Paris,scaleup,Undisclosed,,Undisclosed,2015-01-01T00:00:00.000Z,
45684,KappaZeta,https://kappazeta.ee/,Extracting information out of satellite data.,EE,Tartu,scaleup,Undisclosed,,Undisclosed,2015-01-01T00:00:00.000Z,
45685,Sellforte,https://sellforte.com/,"Tesla invented self-driving cars. Sellforte is inventing self-driving media buying. We are a profitable and fast-growing SaaS at €3.6M ARR, serving eCommerce, DTC & Retail brands like Lidl, C&A, and R",FI,Espoo,scaleup,Undisclosed,,Undisclosed,2017-01-01T00:00:00.000Z,
45693,Pytek,https://pytek.bg/bg/,Pytek Ltd. is a Bulgarian-based software engineering company that partners with clients to transform ideas into full-scale digital solutions.,BG,SOfia,scaleup,Undisclosed,,Undisclosed,2018-01-01T00:00:00.000Z,
45694,BeiZ,https://lolapanda.com/,BeiZ & Lola Panda team help children learn to read in funniest way. Our Lola's Learningland solution is a complete program based on our popular Lola Panda apps. These apps have over 40 million downloa,FI,Tampere,scaleup,Undisclosed,,Undisclosed,2010-01-01T00:00:00.000Z,
45702,Enqura,https://www.enqura.com/,"Enqura is transforming the financial sector through the power of AI. Our AI-Driven Fintech platform delivers an end-to-end solution, from onboarding new customers to providing seamless access to a ful",TR,Istanbul,scaleup,Undisclosed,,Undisclosed,2014-01-01T00:00:00.000Z,
45718,Eventz.today,https://go.townbase.com,Best in class B2C App and B2B PaaS Platform for events discovery in Europe,FI,Helsinki,scaleup,Undisclosed,,Undisclosed,2015-01-01T00:00:00.000Z,
45729,Entrepreneurship Exchange - EEX Oy,https://www.eexglobal.com/,EEX challenge corporate leaders of biggest European companies to work as advisors for sustainable startups – out of their box and comfort zone.  Globally unique learning innovation EEX Journey engages,FI,Helsinki,scaleup,Undisclosed,,Undisclosed,2015-01-01T00:00:00.000Z,
45744,Vapaus.io,https://vapaus.io,The winner of 2023 European Startup Prize for Mobility. Decarbonization of transportation and scaling tech is at the heart of Vapaus. We are scaling up fast in employee benefit bikes in Finland and ex,FI,Helsinki,scaleup,Undisclosed,,Undisclosed,2018-01-01T00:00:00.000Z,
45781,Causalytics,https://causalytics.ai,"Causalytics pulls ideas from your expertise, turns them into ready-to-post content, and keeps you on a simple rhythm that builds trust and sparks client conversations.",FI,Turku,scaleup,Undisclosed,,Undisclosed,2015-01-01T00:00:00.000Z,
45807,ThingLink,https://www.thinglink.com,"ThingLink transforms learning environments from static to interactive by enhancing physical and virtual spaces with a layer of digital information.

ThingLink’s new AI-powered creation flow converts t",FI,Helsinki,scaleup,Undisclosed,,Undisclosed,2010-01-01T00:00:00.000Z,
45810,PrivacyDesigner,https://privacydesigner.com/en,"Se offer Compliance-, Risk- and Regulation management SaaS platform ideal for heavily regulated customers in both private & public industry.",FI,Joensuu,scaleup,Undisclosed,,Undisclosed,2015-01-01T00:00:00.000Z,
45815,Factum,https://factum.law,"Factum is a legal AI company focused on security and hallucination-resistant answers. It reduces research, compliance checks, and drafting time to minutes by unifying EUR-Lex and 15+ national legislat",MK,Skopje,scaleup,Undisclosed,,Undisclosed,2022-01-01T00:00:00.000Z,
45831,Coroflo,https://www.corobaby.com/,"Coroflo has developed the world’s first accurate breastfeeding monitor, Coro. It is a revolutionary product using patented technology in a market where there is no equivalent product or reliable alter",IE,Dublin,scaleup,Undisclosed,,Undisclosed,2017-01-01T00:00:00.000Z,
45837,Laundryheap,https://laundryheap.com,Laundryheap is the world's leading on-demand laundry and dry cleaning service.,GB,London,scaleup,Undisclosed,,Undisclosed,2015-01-01T00:00:00.000Z,
45859,Timegate Instruments Oy,https://www.timegate.com,"With €2.5M revenue and positive EBITDA in 2025, Timegate is scaling fast to provide the data backbone to autonomous biologics manufacturing. We have solved the key technical challenges in real-time mo",FI,Oulu,scaleup,Undisclosed,,Undisclosed,2014-01-01T00:00:00.000Z,
45867,ZENJOB,https://www.zenjob.com/en/,Berlin-based marketplace for flexible sidejobs serving  the staffing market with an end-to-end automated platform.,DE,Berlin,scaleup,Undisclosed,,Undisclosed,2016-01-01T00:00:00.000Z,
45883,Wolt,https://wolt.com,"Wolt is a Helsinki-based technology company with a mission to bring joy, simplicity and earnings to the neighborhoods of the world. Wolt develops a local commerce platform that connects people looking",FI,Helsinki,scaleup,Undisclosed,,Undisclosed,2014-01-01T00:00:00.000Z,
45887,Element 16,https://element16.com,Element 16 provides process heat to industry using renewable or electricity when it is cheapest. Element 16 invented and patented a very low cost thermal storage technology to produce heat at a lower ,US,Los Angeles,scaleup,Undisclosed,,Undisclosed,2016-01-01T00:00:00.000Z,
45894,Gigs,https://gigs.com,"Gigs, the operating system for mobile services, empowers tech companies to seamlessly embed connectivity into their offerings in weeks. By bundling phone plans and travel data with their core services",US,San Francisco,scaleup,Undisclosed,,Undisclosed,2020-01-01T00:00:00.000Z,
45897,what3words,https://what3words.com,what3words is revolutionising the way we talk about location. It has divided the world into 3m squares and assigned each a unique combination of three words: a what3words address. It’s a free app and ,GB,London,scaleup,Undisclosed,,Undisclosed,2013-01-01T00:00:00.000Z,
45911,eeedo inc,https://eee.do,With eeedo desk we automate customer service using advanced AI. Our SaaS is omnichannel customer service software to help our clients create the best customer experience and automate their processes. ,FI,Tampere,scaleup,Undisclosed,,Undisclosed,2017-01-01T00:00:00.000Z,
45920,Nature's Principles,https://naturesprinciples.eu,"Ground-breaking patented fermentation process for lactic acid production and their derivatives that is more robust and resilient than traditional methods, it is feedstock agnostic and unlocks the prod",NL,Delft,scaleup,Undisclosed,,Undisclosed,2020-01-01T00:00:00.000Z,
45936,Scandit,https://www.scandit.com,"Scandit enables enterprises and consumers to change the way they interact with everyday objects and augment the physical world with real-time data capture.

With Scandit, businesses can speed up scann",CH,Zurich,scaleup,Undisclosed,,Undisclosed,2009-01-01T00:00:00.000Z,
45939,Harmonic,https://www.harmonic.ai/,"Harmonic is the startup discovery engine trusted by thousands of VCs at firms like GV, Founders Fund and GC to find their next fund returner.",US,New York,scaleup,Undisclosed,,Undisclosed,2021-01-01T00:00:00.000Z,
45946,CGTrader,https://www.cgtrader.com,"CGTrader runs a leading marketplace for 3D design, 3D printing, gaming, advertising, AR/VR and video production with over 12M users.",LT,Vilnius,scaleup,Undisclosed,,Undisclosed,2012-01-01T00:00:00.000Z,
45975,Deepmedi Inc.,https://deep-medi.com,"Deepmedi is a healthcare technology company that develops AI-powered, camera-based digital biomarker solutions to measure blood pressure, heart rate, and stress quickly and contactlessly with medical-",KR,Seoul,scaleup,Undisclosed,,Undisclosed,2017-01-01T00:00:00.000Z,
45983,Neuro Event Labs,https://neuroeventlabs.com,"Neuro Event Labs (NEL) produces Nelli, a smart solution for seizure detection combining AI and human expertise. NEL is a privately owned digital health technology company founded in 2015 with a missio",FI,Tampere,scaleup,Undisclosed,,Undisclosed,2015-01-01T00:00:00.000Z,
45991,ASTECH LLC,https://astech.al,We help non-tech companies enter E-commerce world through our solution.,AL,Tirana,scaleup,Undisclosed,,Undisclosed,2017-01-01T00:00:00.000Z,
45995,ALDORIA,https://www.aldoria.com/,"Aldoria provides a global Space Situational Awareness (SSA) solution designed to meet the growing needs of satellite operators and space stakeholders for secure, resilient, and autonomous space operat",FR,Toulouse,scaleup,Undisclosed,,Undisclosed,2017-01-01T00:00:00.000Z,
45996,Ubotica Technologies Ltd.,https://www.ubotica.com,"Ubotica has extensive background and achievements within Space AI, awarded by NASA and European Space Agency ESA. Ubotica's vision is to make maritime situational awareness at large, affordable and ef",IE,Dublin,scaleup,Undisclosed,,Undisclosed,2017-01-01T00:00:00.000Z,
46017,Nordic Inertial Oy,https://www.nordicinertial.com/,"Nordic Inertial Oy develops algorithms for precise motion sensing. Modern MEMS inertial sensors (accelerometers, gyroscopes) realize high-precision outputs previously seen only in very high-cost and b",FI,Tampere,scaleup,Undisclosed,,Undisclosed,2012-01-01T00:00:00.000Z,
46044,SESAME HR,https://www.sesametime.com,"Sesame HR is a comprehensive human resources software designed to help companies digitize, automate, and simplify their people management processes. It offers a wide range of tools that cover everythi",ES,Valencia,scaleup,Undisclosed,,Undisclosed,2015-01-01T00:00:00.000Z,
46052,Payair,https://www.payair.com,Our mission is to be an innovative technology partner providing banks and PSPs with the best digital payment solutions.,SE,Stockholm,scaleup,Undisclosed,,Undisclosed,2009-01-01T00:00:00.000Z,
46070,BRAVO & Foundation of Entrepreneurs in BiH,https://bravo-bih.com/,"We promote partnerships between the private, public sector and civil society for sustainable community development, advocating for the education of young people with an emphasis on skills needed in th",BA,Sarajevo,scaleup,Undisclosed,,Undisclosed,2017-01-01T00:00:00.000Z,
46075,LeydenJar,https://www.leyden-jar.com,"Manufacture pure silicon anodes that enables ultra-high energy density batteries. First application in wearables, then scale-up to EVs and e-flight. Recently, magnificant-7 CE giant prefunded EUR 10mn",NL,Eindhoven,scaleup,Undisclosed,,Undisclosed,2016-01-01T00:00:00.000Z,
46086,Water Linked,https://www.waterlinked.com/,"World’s leading developer of disruptive sensors forunderwater navigation, localisation and imaging – enabling autonomy",NO,Trondheim,scaleup,Undisclosed,,Undisclosed,2013-01-01T00:00:00.000Z,
46100,Cyberday Inc,https://cyberday.ai,Cyberday is a Finnish AI-driven SaaS company that helps organizations manage cybersecurity compliance efficiently and at scale. Our agentic platform provides a centralized information security managem,FI,Tampere,scaleup,Undisclosed,,Undisclosed,2014-01-01T00:00:00.000Z,
46120,Qred Bank Ab,https://www.qred.fi/,"Qred isn’t just another bank, we’re the bank that small business owners actually need - and deserve. Since 2015, Qred has powered entrepreneurs by providing simple, fast, and flexible financing soluti",SE,Stockholm,scaleup,Undisclosed,,Undisclosed,2015-01-01T00:00:00.000Z,
46124,Rocsole Oy,https://www.rocsole.com,"Rocsole builds the world’s leading industrial imaging solutions—turning real-time insights into actionable intelligence for unmatched efficiency, reliability, and ROI. Our award-winning technology com",FI,Kuopio,scaleup,Undisclosed,,Undisclosed,2012-01-01T00:00:00.000Z,
46155,Tpoint,https://tpoint.fi,Back-office operations management software for Small Business,FI,Kotka,scaleup,Undisclosed,,Undisclosed,2014-01-01T00:00:00.000Z,
46170,HR Duo,https://hrduo.com/,"HR Duo is building the workforce management platform for Frontline HR Enablement, purpose-built for operational SMEs (100–1,000 employees) in compliance-heavy sectors. Our platform integrates HR workf",IE,Dunshaughlin,scaleup,Undisclosed,,Undisclosed,2013-01-01T00:00:00.000Z,
46172,Cardlab ApS,https://www.cardlab.com/,"CardLab is a leading Cyber security company recognized by the European Union and
customers for its solutions for protecting critical infrastructure and providing a general
platform for cybersecurity w",DK,"Herlev, Copenhagen",scaleup,Undisclosed,,Undisclosed,2016-01-01T00:00:00.000Z,
46191,HSL Technologies,https://www.hsl.tech,"HSL has developed the first and only liquid carrier that can bring renewable hydrogen and low-carbon silica to its place of usage at low cost, reduced carbon footprint, by reusing the existing liquid ",FR,Aix-en-Provence,scaleup,Undisclosed,,Undisclosed,2015-01-01T00:00:00.000Z,
46198,Tranquility IoT & Big Data Solutions,https://www.tibsglobal.com,"Industrial IoT
Tranquility IoT & Big Data Solutions (TIBS Global) specialises in automation in the manufacturing industry (Industrial IoT).  We can help the manufacturing industry by retrofitting sens",GB,London,scaleup,Undisclosed,,Undisclosed,2019-01-01T00:00:00.000Z,
46205,Anthropic,https://www.anthropic.com/,Our mission is to ensure the world safely makes the transition through transformative AI.,US,San Francisco,scaleup,Undisclosed,,Undisclosed,2021-01-01T00:00:00.000Z,
46245,straiv GmbH,https://straiv.io/,We digitize the hotel stay for guests (e.g. self-check-in via smartphone without an app),DE,Stuttgart,scaleup,Undisclosed,,Undisclosed,2015-01-01T00:00:00.000Z,
46248,SnapStack Solutions s.r.o.,https://www.snapstack.cz/,"AI, Automation, IoT, Enterprise Software Solutions, Web & Mobile apps, IT Consulting, Cyber Security",CZ,Prague,scaleup,Undisclosed,,Undisclosed,2014-01-01T00:00:00.000Z,
46261,Soundtrap AB,https://www.soundtrap.com,Soundtrap is on a mission to make music creation and podcasting simple and collaborative for everyone.,SE,Stockholm,scaleup,Undisclosed,,Undisclosed,2012-01-01T00:00:00.000Z,
46269,Architecture in a Box,https://architectureinabox.com/,"Architecture in a Box is a pioneering edtech startup redefining how students engage with STEAM (Science, Technology, Engineering, Arts, and Mathematics) through hands-on, sustainable learning. We desi",LB,koura district,scaleup,Undisclosed,,Undisclosed,2022-01-01T00:00:00.000Z,
46270,BOTNOI Group,https://botnoigroup.com,"BOTNOI Group is a leading AI innovation company in Thailand focused on creating intelligent solutions that enhance communication, productivity, and business efficiency. We develop advanced generative ",TH,Bangkok,scaleup,Undisclosed,,Undisclosed,2017-01-01T00:00:00.000Z,
46275,Altum Technologies,https://altumtechnologies.com/,"Altum Technologies is transforming industrial efficiency with a breakthrough in non-invasive ultrasonic cleaning technology.
Altum's solution eliminates the need for harmful chemicals and costly downt",FI,Helsinki,scaleup,Undisclosed,,Undisclosed,2016-01-01T00:00:00.000Z,
46282,Quvy,https://www.quvy.com/,"Quvy is a Synthetic Ad Network. We leverage machine learning, cutting-edge AI, & synthetic personas to predict outcomes for ads, allowing you to test creatives in a simulated, non-live environment. He",US,Irivine,scaleup,Undisclosed,,Undisclosed,2016-01-01T00:00:00.000Z,
46286,SoftGripping GmbH,https://soft-gripping.com/,"SoftGripping manufactures soft gripper fingers for the robotic handling of delicate foods and goods. Our main applications are in protein, bakery, and fruit & vegetable handling/harvesting, with addit",DE,Hannover,scaleup,Undisclosed,,Undisclosed,2015-01-01T00:00:00.000Z,
46293,Whoever.global,https://www.whoever.global/,"AI product development. AI prototyping, AI agents, AI tools, AI analytics, Ai matchmaking systems",FI,Tampere,scaleup,Undisclosed,,Undisclosed,2023-01-01T00:00:00.000Z,
46301,Grants Funding Oy,https://grants.fi/,"Finland’s best expertise in public funding. Grants combines data, analysis, and expertise into Public Funding as a Service.

Additionally to expert services, we provide GrantedAI – Finland’s most comp",FI,Helsinki,scaleup,Undisclosed,,Undisclosed,2019-01-01T00:00:00.000Z,
46306,Candu,https://www.candu.ai/,"Candu is the platform for building product-led experiences without heavy engineering. Product and growth teams use Candu to ship tours, checklists, banners, tooltips, and full-page layouts, targeted b",GB,London,scaleup,Undisclosed,,Undisclosed,2019-01-01T00:00:00.000Z,
46317,Bee IT doo,https://beeit.io/,"Bee IT is a company dedicated to driving digital transformation and delivering advanced e-commerce solutions on leading platforms such as Salesforce, Adobe Commerce, and Shopify. We create web and mob",RS,Novi Sad,scaleup,Undisclosed,,Undisclosed,2017-01-01T00:00:00.000Z,
46321,Husky Intelligent Fridges,https://www.intelligentfridges.com/,"Husky is a Dutch tech company active across Europe after acquiring Selfly Store and Blockstore Group, known for its expertise in premium commercial refrigeration and intelligent vending solutions. Fou",NL,Amsterdam,scaleup,Undisclosed,,Undisclosed,2019-01-01T00:00:00.000Z,
46329,E.I. Games,https://www.eigames.com/,"Our community is dedicated to ensuring every student has the support, confidence, and emotional readiness to thrive in college. We believe education is not only about academic achievement but also abo",US,Miami,scaleup,Undisclosed,,Undisclosed,2015-01-01T00:00:00.000Z,
46341,KC8 Capture Technologies,https://kc8capture.com/,"KC8 has a patented suite of capture processes utilising potassium carbonate solvents. The UNO processes, specifically the UNO MK 3 process, uses a precipitating form of the technology. These processes",AU,Melbourne,scaleup,Undisclosed,,Undisclosed,2020-01-01T00:00:00.000Z,
46343,VSORA,https://vsora.com,"VSORA is a French semiconductor company revolutionizing AI inference for data centers and intelligent systems. Its breakthrough chip architecture eliminates the memory wall bottleneck, delivering unma",FR,Paris,scaleup,Undisclosed,,Undisclosed,2015-01-01T00:00:00.000Z,
46346,Excalibur,https://www.getexcalibur.com,Slovak cybersecurity vendor setting new standard for security through unique PAM solution.,SK,Poprad,scaleup,Undisclosed,,Undisclosed,2016-01-01T00:00:00.000Z,
46347,Canatu Plc,https://www.canatu.com,"Canatu is a fast-growing deep technology company creating advanced carbon nanotubes (Canatu CNTs), related products, and manufacturing equipment for the semiconductor, automotive and medical diagnosti",FI,Vantaa,scaleup,Undisclosed,,Undisclosed,2004-01-01T00:00:00.000Z,
46348,SunGreenH2,https://www.sungreenh2.com/,"SunGreenH2 is a materials-led electrolyser company. We design and manufacture rare-earth/PGM-free nanomaterial electrodes and AEM stacks that deliver higher efficiency, current density, and durability",SG,Singapore,scaleup,Undisclosed,,Undisclosed,2021-01-01T00:00:00.000Z,
46370,YARD Athens,https://www.yard.gr,"We are an experiential marketing agency dedicated to delivering narrative-driven experiences that forge deep emotional connections and redefining the art of brand engagement through award-winning, tra",GR,Athens,scaleup,Undisclosed,,Undisclosed,2009-01-01T00:00:00.000Z,
46378,Softmatch/ Powered by Recrout,https://www.softmatch.ai,We combine social science and SaaS technology to help hiring companies predict the best hires and select the right people based on competencies. ,NL,Amsterdam,scaleup,Undisclosed,,Undisclosed,2015-01-01T00:00:00.000Z,
46379,evifile.com,https://www.evifile.com,"Evifile helps the C-suite get large complex projects right first time by preparing, sharing and collecting the right information in real time.  We work with advisors, project leads and on the ground m",GB,Leeds,scaleup,Undisclosed,,Undisclosed,2016-01-01T00:00:00.000Z,
46383,SME GmbH,https://www.smegroup.eu/en/,SME GmbH is trying to bring the cost savings to the companies from the industry (each industry sector),DE,Schönkirchen,scaleup,Undisclosed,,Undisclosed,1998-01-01T00:00:00.000Z,
46392,Nordsol,https://nordsol.com,Nordsol is a technology pioneer in on-site production of fossil-free bio-LNG. Its patented technology transforms biogas from organic waste into high-purity bio-LNG for heavy road and maritime transpor,NL,Utrecht region,scaleup,Undisclosed,,Undisclosed,2018-01-01T00:00:00.000Z,
46394,Greenely,https://www.greenely.se,"Greenely is one of the largest energy management platforms for consumers in the Nordics, empowering households to take full control of their energy use and transform it into profit. Through one intuit",SE,Stockholm,scaleup,Undisclosed,,Undisclosed,2014-01-01T00:00:00.000Z,
46395,BiomimX Srl,https://www.biomimx.com/,BiomimX S.r.l. is a deep-tech startup pioneering Organ-on-Chip (OoC) technology to transform drug discovery and safety testing. Our patented uBeat® platform recreates the natural mechanical environmen,IT,Milano,scaleup,Undisclosed,,Undisclosed,2017-01-01T00:00:00.000Z,
46413,Integrify Education Oy,https://www.integrify.io/mena,"Integrify Education delivers world-class Finnish tech training in Saudi Arabia and is now expanding across the Gulf to build digital talent for the future. Founded in Finland in 2016, Integrify runs i",FI,Finland,scaleup,Undisclosed,,Undisclosed,2016-01-01T00:00:00.000Z,
46421,ClickHouse,https://clickhouse.com/,"ClickHouse is a fast, open-source columnar database management system built for real-time data processing and analytics at scale. Engineered for high performance, 

ClickHouse Cloud delivers exception",NL,Amsterdam,scaleup,Undisclosed,,Undisclosed,2021-01-01T00:00:00.000Z,
46425,Cashin,https://www.cashin.com.br/,"Cashin is a B2B fintech that provides companies with a complete platform for managing reward and general payments. The platform offers detailed reports, statements, and full audit-ready documentation ",BR,São Paulo,scaleup,Undisclosed,,Undisclosed,2018-01-01T00:00:00.000Z,
46429,Fredo,https://www.hifredo.com,"Name Badge Printing and check-ins for B2B events with 100–15,000 attendees. Integrating with registration and networking platforms. Offering stress-free logistics, with free worldwide shipping and tru",DK,Copenhagen,scaleup,Undisclosed,,Undisclosed,2017-01-01T00:00:00.000Z,
46458,Hala Systems,https://www.halasystems.com/,"Hala Systems is an impact technology company building scalable, data-driven solutions for global security, crisis management, and humanitarian response.

Through advanced AI, data fusion, and field-pr",PT,Lisbon,scaleup,Undisclosed,,Undisclosed,2015-01-01T00:00:00.000Z,
46473,Teyo Labs,https://teyolabs.com,"Teyo Labs incubates a portfolio of AI-native products as a studio, using our own resources and capital. We focus on domains where artificial intelligence does more than automate a task—it rewrites the",CH,"Pfaffikon, Zurich area",scaleup,Undisclosed,,Undisclosed,2017-01-01T00:00:00.000Z,
46490,Securium Ltd,https://www.securium.co.uk/,"Securium is a multi-award-winning deep-tech company founded by AI pioneers and exited entrepreneurs on a mission to detect and prevent online harms at scale.
We partner with law enforcement, digital s",GB,Guildford,scaleup,Undisclosed,,Undisclosed,2016-01-01T00:00:00.000Z,
46508,Solved Ltd. (Slovakia),https://www.solved.fi,Creating a no-code community platform and expert marketplace.,SK,Žilina,scaleup,Undisclosed,,Undisclosed,2016-01-01T00:00:00.000Z,
46514,Nitro Games Plc,https://www.nitrogames.com/,"Developing and publishing mobile, PC and cross platform games",FI,Kotka,scaleup,Undisclosed,,Undisclosed,2007-01-01T00:00:00.000Z,
46516,SEAT CODE,https://code.seat/,"Digital innovation Hub, TTransforming mobility experiences",ES,Barcelona,scaleup,Undisclosed,,Undisclosed,2017-01-01T00:00:00.000Z,
46519,ONESOFTDIGM,https://www.onesoftdigm.com,"ONESOFTDIGM develops and provides Fitrus, an integrated digital health solution that combines advanced bio-sensing technology with AI analytics. Fitrus devices measure body composition, blood pressure",KR,Pohang,scaleup,Undisclosed,,Undisclosed,2015-01-01T00:00:00.000Z,
46539,AUTHENTIC JAPAN,https://www.authjapan.com/,"We create technology and services that make it possible to find people quickly when they go missing.

Starting from Japan’s mountains — where thousands of people get lost every year — we built a life-",JP,Fukuoka,scaleup,Undisclosed,,Undisclosed,2007-01-01T00:00:00.000Z,
46546,EVorkshop.com,https://evorkshop.com/,"We repair and upgrade high-voltage (HV) batteries for EVs and industrial applications. We operate Battery Technology Centers, where new diagnostic and repair technologies are developed for every new g",PL,Warsaw,scaleup,Undisclosed,,Undisclosed,2024-01-01T00:00:00.000Z,
